app_temp,clouds,clouds_hi,clouds_low,clouds_mid,datetime,dewpt,dhi,dni,ghi,ozone,pod,pop,precip,pres,rh,slp,snow,snow_depth,solar_rad,temp,timestamp_local,timestamp_utc,ts,uv,vis,weather.description,weather.code,weather.icon,wind_cdir,wind_cdir_full,wind_dir,wind_gust_spd,wind_spd
4.9,80,6,100,100,2024-04-09:01,0.8,0.0,0.0,0.0,355.0,n,0,0.0,1019.5,64,1019.6,0,0,0.0,7.1,2024-04-08T21:00:00,2024-04-09T01:00:00,1712624400,0.0,30.592,Overcast clouds,804,c04n,SSW,south-southwest,200,4.4,3.2
11.1,81,0,100,100,2024-04-09:02,5.0,0.0,0.0,0.0,354.0,n,0,0.0,1018.5,66,1018.6,0,0,0.0,11.1,2024-04-08T22:00:00,2024-04-09T02:00:00,1712628000,0.0,28.096,Overcast clouds,804,c04n,SSW,south-southwest,210,3.6,2.4
10.7,71,99,0,2,2024-04-09:03,4.8,0.0,0.0,0.0,355.0,n,0,0.0,1018.0,67,1018.1,0,0,0.0,10.7,2024-04-08T23:00:00,2024-04-09T03:00:00,1712631600,0.0,22.592,Overcast clouds,804,c04n,SW,southwest,220,3.6,2.4
10.7,76,2,3,54,2024-04-09:04,5.3,0.0,0.0,0.0,357.8,n,0,0.0,1017.5,69,1017.6,0,0,0.0,10.7,2024-04-09T00:00:00,2024-04-09T04:00:00,1712635200,0.0,17.792,Overcast clouds,804,c04n,SW,southwest,220,3.6,2.4
10.4,79,0,20,15,2024-04-09:05,5.2,0.0,0.0,0.0,359.5,n,0,0.0,1017.5,70,1017.6,0,0,0.0,10.4,2024-04-09T01:00:00,2024-04-09T05:00:00,1712638800,0.0,16.096,Overcast clouds,804,c04n,SW,southwest,230,3.2,2.0
10.0,73,0,41,4,2024-04-09:06,5.2,0.0,0.0,0.0,362.8,n,0,0.0,1018.0,72,1018.1,0,0,0.0,10.0,2024-04-09T02:00:00,2024-04-09T06:00:00,1712642400,0.0,16.0,Overcast clouds,804,c04n,SW,southwest,230,3.2,2.0
10.0,61,0,39,2,2024-04-09:07,5.4,0.0,0.0,0.0,364.8,n,0,0.0,1018.0,73,1018.1,0,0,0.0,10.0,2024-04-09T03:00:00,2024-04-09T07:00:00,1712646000,0.0,15.0,Broken clouds,803,c03n,SW,southwest,220,2.8,2.0
9.8,55,0,43,2,2024-04-09:08,5.8,0.0,0.0,0.0,368.0,n,0,0.0,1017.5,76,1017.6,0,0,0.0,9.8,2024-04-09T04:00:00,2024-04-09T08:00:00,1712649600,0.0,14.6,Broken clouds,803,c03n,SSW,south-southwest,210,2.4,1.6
9.3,29,0,11,0,2024-04-09:09,5.5,0.0,0.0,0.0,365.8,n,0,0.0,1017.0,77,1017.1,0,0,0.0,9.3,2024-04-09T05:00:00,2024-04-09T09:00:00,1712653200,0.0,15.496,Scattered clouds,802,c02n,SSW,south-southwest,210,2.8,1.6
9.1,18,1,8,0,2024-04-09:10,5.5,0.0,0.0,0.0,366.0,n,0,0.0,1017.0,78,1017.1,0,0,0.0,9.1,2024-04-09T06:00:00,2024-04-09T10:00:00,1712656800,0.0,14.496,Few clouds,801,c02n,SW,southwest,220,2.0,1.6
9.2,35,100,13,0,2024-04-09:11,5.5,37.66,325.76,61.03,363.5,d,0,0.0,1017.5,78,1017.6,0,0,60.53707,9.2,2024-04-09T07:00:00,2024-04-09T11:00:00,1712660400,1.0,13.296,Scattered clouds,802,c02d,WSW,west-southwest,240,1.6,1.2
10.0,44,1,7,0,2024-04-09:12,5.8,71.12,625.98,248.23,366.5,d,0,0.0,1017.5,75,1017.6,0,0,248.20355,10.0,2024-04-09T08:00:00,2024-04-09T12:00:00,1712664000,1.2,14.296,Broken clouds,803,c03d,W,west,280,1.2,0.8
12.2,55,0,0,0,2024-04-09:13,6.3,91.29,763.53,447.35,365.0,d,0,0.0,1018.0,67,1018.1,0,0,447.35,12.2,2024-04-09T09:00:00,2024-04-09T13:00:00,1712667600,1.6,22.096,Broken clouds,803,c03d,WNW,west-northwest,300,1.6,0.8
13.9,63,100,0,0,2024-04-09:14,6.7,104.77,841.15,627.01,360.8,d,0,0.0,1017.5,62,1017.6,0,0,621.9458,13.9,2024-04-09T10:00:00,2024-04-09T14:00:00,1712671200,2.4,36.096,Broken clouds,803,c03d,NW,northwest,320,1.6,1.2
15.8,54,100,0,0,2024-04-09:15,6.5,113.56,886.62,767.75,359.5,d,0,0.0,1017.0,54,1017.1,0,0,761.5491,15.8,2024-04-09T11:00:00,2024-04-09T15:00:00,1712674800,3.7,0.498,Broken clouds,803,c03d,NNW,north-northwest,360,2.0,1.2
17.2,52,100,0,0,2024-04-09:16,6.7,118.51,910.64,856.11,358.0,d,0,0.0,1017.0,50,1017.1,0,0,849.1954,17.2,2024-04-09T12:00:00,2024-04-09T16:00:00,1712678400,4.7,0.559,Broken clouds,803,c03d,ENE,east-northeast,70,2.4,1.6
17.9,39,100,1,0,2024-04-09:17,6.8,120.0,917.65,884.05,356.5,d,0,0.0,1017.0,48,1017.1,0,0,876.9097,17.9,2024-04-09T13:00:00,2024-04-09T17:00:00,1712682000,5.7,40.576,Scattered clouds,802,c02d,SSE,south-southeast,160,2.2,1.6
17.9,46,100,1,0,2024-04-09:18,6.5,118.13,908.83,849.09,357.0,d,0,0.0,1016.5,47,1016.6,0,0,842.2321,17.9,2024-04-09T14:00:00,2024-04-09T18:00:00,1712685600,4.9,0.45,Broken clouds,803,c03d,SSE,south-southeast,150,2.8,2.8
17.8,40,100,3,0,2024-04-09:19,6.6,112.77,882.71,754.38,359.3,d,0,0.0,1017.0,48,1017.1,0,0,748.28705,17.8,2024-04-09T15:00:00,2024-04-09T19:00:00,1712689200,4.2,0.487,Scattered clouds,802,c02d,SSE,south-southeast,150,3.5,3.2
17.2,55,100,1,0,2024-04-09:20,6.4,103.52,834.38,608.59,359.8,d,0,0.0,1017.5,49,1017.6,0,0,603.67456,17.2,2024-04-09T16:00:00,2024-04-09T20:00:00,1712692800,2.5,37.376,Broken clouds,803,c03d,SE,southeast,140,4.7,3.6
16.3,52,100,0,0,2024-04-09:21,5.9,89.44,752.07,425.85,361.5,d,0,0.0,1016.5,50,1016.6,0,0,422.4105,16.3,2024-04-09T17:00:00,2024-04-09T21:00:00,1712696400,1.6,41.696,Broken clouds,803,c03d,SE,southeast,140,5.0,4.4
14.7,51,100,0,0,2024-04-09:22,5.7,68.32,604.59,226.39,366.0,d,0,0.0,1017.0,55,1017.1,0,0,224.5615,14.7,2024-04-09T18:00:00,2024-04-09T22:00:00,1712700000,1.1,34.272,Broken clouds,803,c03d,SE,southeast,130,5.7,4.0
13.3,58,100,1,100,2024-04-09:23,5.7,32.37,269.56,44.33,370.8,d,0,0.0,1018.0,60,1018.1,0,0,36.802998,13.3,2024-04-09T19:00:00,2024-04-09T23:00:00,1712703600,0.8,24.992,Broken clouds,803,c03d,SE,southeast,130,6.0,4.0
12.0,74,100,3,88,2024-04-10:00,5.2,0.0,0.0,0.0,373.5,n,0,0.0,1018.5,63,1018.6,0,0,0.0,12.0,2024-04-09T20:00:00,2024-04-10T00:00:00,1712707200,0.0,22.288,Overcast clouds,804,c04n,SE,southeast,130,6.2,4.4
11.2,67,100,3,100,2024-04-10:01,5.5,0.0,0.0,0.0,373.5,n,0,0.0,1019.0,68,1019.1,0,0,0.0,11.2,2024-04-09T21:00:00,2024-04-10T01:00:00,1712710800,0.0,20.8,Broken clouds,803,c03n,ESE,east-southeast,120,5.6,4.0
10.7,76,100,3,100,2024-04-10:02,5.5,0.0,0.0,0.0,374.3,n,0,0.0,1018.5,70,1018.6,0,0,0.0,10.7,2024-04-09T22:00:00,2024-04-10T02:00:00,1712714400,0.0,18.688,Overcast clouds,804,c04n,ESE,east-southeast,120,5.6,4.0
10.1,84,100,5,53,2024-04-10:03,5.3,0.0,0.0,0.0,372.5,n,0,0.0,1019.0,72,1019.1,0,0,0.0,10.1,2024-04-09T23:00:00,2024-04-10T03:00:00,1712718000,0.0,16.592,Overcast clouds,804,c04n,ESE,east-southeast,110,5.2,4.0
9.9,92,100,5,45,2024-04-10:04,5.5,0.0,0.0,0.0,367.8,n,0,0.0,1019.0,74,1019.1,0,0,0.0,9.9,2024-04-10T00:00:00,2024-04-10T04:00:00,1712721600,0.0,15.696,Overcast clouds,804,c04n,E,east,100,5.6,3.6
9.3,94,100,9,100,2024-04-10:05,5.3,0.0,0.0,0.0,364.0,n,0,0.0,1018.5,76,1018.6,0,0,0.0,9.3,2024-04-10T01:00:00,2024-04-10T05:00:00,1712725200,0.0,15.0,Overcast clouds,804,c04n,E,east,100,4.8,3.2
9.0,94,0,12,100,2024-04-10:06,5.3,0.0,0.0,0.0,362.5,n,0,0.0,1018.0,78,1018.1,0,0,0.0,9.0,2024-04-10T02:00:00,2024-04-10T06:00:00,1712728800,0.0,14.0,Overcast clouds,804,c04n,E,east,100,4.8,3.6
8.8,79,1,31,100,2024-04-10:07,5.4,0.0,0.0,0.0,362.0,n,0,0.0,1018.0,79,1018.1,0,0,0.0,8.8,2024-04-10T03:00:00,2024-04-10T07:00:00,1712732400,0.0,13.6,Overcast clouds,804,c04n,E,east,90,5.2,3.6
8.7,85,0,40,100,2024-04-10:08,5.6,0.0,0.0,0.0,360.8,n,0,0.0,1018.0,81,1018.1,0,0,0.0,8.7,2024-04-10T04:00:00,2024-04-10T08:00:00,1712736000,0.0,12.8,Overcast clouds,804,c04n,E,east,90,5.2,3.6
8.7,95,100,100,100,2024-04-10:09,5.6,0.0,0.0,0.0,362.0,n,0,0.0,1017.5,81,1017.6,0,0,0.0,8.7,2024-04-10T05:00:00,2024-04-10T09:00:00,1712739600,0.0,12.896,Overcast clouds,804,c04n,E,east,90,5.6,4.0
8.7,88,100,100,79,2024-04-10:10,5.8,0.0,0.0,0.0,362.3,n,0,0.0,1017.5,82,1017.6,0,0,0.0,8.7,2024-04-10T06:00:00,2024-04-10T10:00:00,1712743200,0.0,0.3,Overcast clouds,804,c04n,E,east,90,5.6,4.0
9.1,95,69,100,100,2024-04-10:11,6.0,38.81,337.79,65.13,364.5,d,20,0.16,1017.5,81,1017.6,0,0,45.323,9.1,2024-04-10T07:00:00,2024-04-10T11:00:00,1712746800,0.5,0.1,Overcast clouds,804,c04d,E,east,90,6.0,4.0
9.3,94,93,100,100,2024-04-10:12,6.2,71.7,630.34,253.18,366.0,d,25,0.25,1018.0,81,1018.1,0,0,97.018,9.3,2024-04-10T08:00:00,2024-04-10T12:00:00,1712750400,0.6,0.1,Overcast clouds,804,c04d,E,east,90,6.0,4.0
9.8,95,89,100,100,2024-04-10:13,6.5,91.67,765.77,452.29,365.5,d,25,0.25,1017.5,80,1017.6,0,0,136.899,9.8,2024-04-10T09:00:00,2024-04-10T13:00:00,1712754000,0.9,0.1,Overcast clouds,804,c04d,E,east,96,5.6,3.86
10.3,95,100,98,100,2024-04-10:14,6.8,105.04,842.48,631.71,365.0,d,25,0.25,1016.5,79,1016.6,0,0,168.211,10.3,2024-04-10T10:00:00,2024-04-10T14:00:00,1712757600,1.5,1.0,Overcast clouds,804,c04d,ESE,east-southeast,103,5.2,3.73
10.8,96,100,100,100,2024-04-10:15,7.2,113.77,887.49,772.13,364.3,d,25,0.25,1017.0,78,1017.1,0,0,190.983,10.8,2024-04-10T11:00:00,2024-04-10T15:00:00,1712761200,2.0,4.2,Overcast clouds,804,c04d,ESE,east-southeast,110,4.8,3.6
11.4,94,93,100,100,2024-04-10:16,7.5,118.69,911.26,860.14,363.3,d,25,0.25,1016.0,77,1016.1,0,0,204.70401,11.4,2024-04-10T12:00:00,2024-04-10T16:00:00,1712764800,2.6,2.1,Overcast clouds,804,c04d,ESE,east-southeast,103,4.56,3.6
11.9,93,14,100,100,2024-04-10:17,8.0,120.16,918.16,887.77,360.3,d,25,0.25,1015.0,77,1015.1,0,0,208.93701,11.9,2024-04-10T13:00:00,2024-04-10T17:00:00,1712768400,2.8,0.1,Overcast clouds,804,c04d,E,east,96,4.33,3.6
12.4,91,100,100,100,2024-04-10:18,8.3,118.28,909.33,852.57,363.0,d,25,0.25,1014.5,76,1014.6,0,0,203.537,12.4,2024-04-10T14:00:00,2024-04-10T18:00:00,1712772000,2.7,0.2,Overcast clouds,804,c04d,E,east,90,4.1,3.6
12.3,91,2,100,5,2024-04-10:19,8.2,112.93,883.3,757.7,362.5,d,20,0.16,1015.0,76,1015.1,0,0,262.84207,12.3,2024-04-10T15:00:00,2024-04-10T19:00:00,1712775600,2.2,24.128,Overcast clouds,804,c04d,E,east,93,4.23,3.6
12.3,91,2,100,6,2024-04-10:20,8.2,103.7,835.23,611.84,362.5,d,10,0.08,1015.0,76,1015.1,0,0,212.24403,12.3,2024-04-10T16:00:00,2024-04-10T20:00:00,1712779200,1.5,24.128,Overcast clouds,804,c04d,E,east,96,4.36,3.6
12.2,91,5,100,5,2024-04-10:21,8.1,89.69,753.52,429.06,362.8,d,0,0.0,1015.0,76,1015.1,0,0,148.83862,12.2,2024-04-10T17:00:00,2024-04-10T21:00:00,1712782800,0.9,24.128,Overcast clouds,804,c04d,E,east,100,4.5,3.6
11.7,88,3,100,5,2024-04-10:22,8.0,68.71,607.56,229.52,359.5,d,0,0.0,1015.5,78,1015.6,0,0,95.766815,11.7,2024-04-10T18:00:00,2024-04-10T22:00:00,1712786400,0.6,24.128,Overcast clouds,804,c04d,E,east,96,4.4,3.33
11.2,85,35,100,100,2024-04-10:23,7.9,33.21,278.65,46.81,358.8,d,0,0.0,1015.5,80,1015.6,0,0,55.775932,11.2,2024-04-10T19:00:00,2024-04-10T23:00:00,1712790000,0.6,24.128,Overcast clouds,804,c04d,E,east,93,4.3,3.06
10.7,82,54,100,5,2024-04-11:00,7.8,0.0,0.0,0.0,358.3,n,0,0.0,1016.0,82,1016.1,0,0,0.0,10.7,2024-04-10T20:00:00,2024-04-11T00:00:00,1712793600,0.0,24.128,Overcast clouds,804,c04n,E,east,90,4.2,2.8
10.6,85,5,100,78,2024-04-11:01,7.8,0.0,0.0,0.0,360.3,n,0,0.0,1016.5,83,1016.6,0,0,0.0,10.6,2024-04-10T21:00:00,2024-04-11T01:00:00,1712797200,0.0,24.128,Overcast clouds,804,c04n,E,east,86,4.0,2.66
10.5,87,7,100,57,2024-04-11:02,7.9,0.0,0.0,0.0,360.0,n,0,0.0,1016.0,84,1016.1,0,0,0.0,10.5,2024-04-10T22:00:00,2024-04-11T02:00:00,1712800800,0.0,24.128,Overcast clouds,804,c04n,E,east,83,3.8,2.53
10.3,90,5,66,49,2024-04-11:03,7.9,0.0,0.0,0.0,362.3,n,0,0.0,1016.0,85,1016.1,0,0,0.0,10.3,2024-04-10T23:00:00,2024-04-11T03:00:00,1712804400,0.0,24.128,Overcast clouds,804,c04n,E,east,80,3.6,2.4
10.2,91,18,100,68,2024-04-11:04,8.0,0.0,0.0,0.0,360.8,n,0,0.0,1015.5,86,1015.6,0,0,0.0,10.2,2024-04-11T00:00:00,2024-04-11T04:00:00,1712808000,0.0,24.128,Overcast clouds,804,c04n,E,east,80,3.73,2.53
10.1,91,100,100,100,2024-04-11:05,8.2,0.0,0.0,0.0,359.0,n,0,0.0,1015.0,88,1015.1,0,0,0.0,10.1,2024-04-11T01:00:00,2024-04-11T05:00:00,1712811600,0.0,24.128,Overcast clouds,804,c04n,E,east,80,3.86,2.66
9.9,92,34,100,93,2024-04-11:06,8.2,0.0,0.0,0.0,357.3,n,0,0.0,1015.0,89,1015.1,0,0,0.0,9.9,2024-04-11T02:00:00,2024-04-11T06:00:00,1712815200,0.0,24.128,Overcast clouds,804,c04n,E,east,80,4.0,2.8
9.8,94,98,86,58,2024-04-11:07,8.1,0.0,0.0,0.0,355.8,n,0,0.0,1014.5,89,1014.6,0,0,0.0,9.8,2024-04-11T03:00:00,2024-04-11T07:00:00,1712818800,0.0,21.616,Overcast clouds,804,c04n,E,east,83,4.26,2.93
9.7,95,100,94,31,2024-04-11:08,8.0,0.0,0.0,0.0,355.5,n,0,0.0,1014.5,89,1014.6,0,0,0.0,9.7,2024-04-11T04:00:00,2024-04-11T08:00:00,1712822400,0.0,18.128,Overcast clouds,804,c04n,E,east,86,4.53,3.06
9.6,97,100,100,76,2024-04-11:09,7.8,0.0,0.0,0.0,354.3,n,0,0.0,1014.5,89,1014.6,0,0,0.0,9.6,2024-04-11T05:00:00,2024-04-11T09:00:00,1712826000,0.0,17.184,Overcast clouds,804,c04n,E,east,90,4.8,3.2
9.7,96,100,100,67,2024-04-11:10,8.0,0.0,0.0,0.0,353.0,n,10,0.08,1014.0,89,1014.1,0,0,0.0,9.7,2024-04-11T06:00:00,2024-04-11T10:00:00,1712829600,0.0,24.128,Overcast clouds,804,c04n,E,east,96,5.2,3.46
9.9,94,100,100,100,2024-04-11:11,8.1,39.93,349.31,69.24,352.0,d,20,0.16,1014.0,88,1014.1,0,0,58.0714,9.9,2024-04-11T07:00:00,2024-04-11T11:00:00,1712833200,0.5,24.128,Overcast clouds,804,c04d,ESE,east-southeast,103,5.6,3.73
10.1,93,100,100,98,2024-04-11:12,8.2,72.28,634.56,258.07,351.3,d,25,0.25,1013.5,88,1013.6,0,0,76.59281,10.1,2024-04-11T08:00:00,2024-04-11T12:00:00,1712836800,0.6,4.688,Overcast clouds,804,c04d,ESE,east-southeast,110,6.0,4.0
10.7,94,100,100,100,2024-04-11:13,8.4,92.05,767.95,457.17,347.5,d,25,0.25,1013.0,86,1013.1,0,0,119.781975,10.7,2024-04-11T09:00:00,2024-04-11T13:00:00,1712840400,1.0,0.184,Overcast clouds,804,c04d,ESE,east-southeast,113,6.26,4.13
11.2,96,100,94,100,2024-04-11:14,8.6,105.32,843.78,636.34,342.8,d,25,0.25,1013.0,84,1013.1,0,0,143.83005,11.2,2024-04-11T10:00:00,2024-04-11T14:00:00,1712844000,1.5,0.607,Overcast clouds,804,c04d,ESE,east-southeast,116,6.53,4.26
11.8,97,100,76,91,2024-04-11:15,8.8,113.98,888.33,776.42,339.8,d,25,0.25,1012.5,82,1012.6,0,0,146.38725,11.8,2024-04-11T11:00:00,2024-04-11T15:00:00,1712847600,2.0,24.128,Overcast clouds,804,c04d,ESE,east-southeast,120,6.8,4.4
12.2,96,100,22,100,2024-04-11:16,9.1,118.86,911.86,864.1,336.0,d,25,0.25,1012.0,81,1012.1,0,0,187.19347,12.2,2024-04-11T12:00:00,2024-04-11T16:00:00,1712851200,2.5,24.128,Overcast clouds,804,c04d,SE,southeast,130,8.13,5.33
12.7,95,100,32,100,2024-04-11:17,9.6,120.3,918.65,891.42,333.8,d,25,0.25,1011.0,81,1011.1,0,0,217.536,12.7,2024-04-11T13:00:00,2024-04-11T17:00:00,1712854800,2.7,24.128,Overcast clouds,804,c04d,SE,southeast,140,9.46,6.26
13.2,94,100,41,100,2024-04-11:18,9.8,118.42,909.8,855.99,331.8,d,25,0.25,1010.0,80,1010.1,0,0,231.75818,13.2,2024-04-11T14:00:00,2024-04-11T18:00:00,1712858400,2.6,24.128,Overcast clouds,804,c04d,SSE,south-southeast,150,10.8,7.2
13.2,95,100,95,100,2024-04-11:19,9.8,113.08,883.87,760.97,330.3,d,25,0.25,1009.0,80,1009.1,0,0,192.67197,13.2,2024-04-11T15:00:00,2024-04-11T19:00:00,1712862000,2.0,24.128,Overcast clouds,804,c04d,SSE,south-southeast,153,12.0,8.0
13.1,95,100,100,100,2024-04-11:20,9.9,103.89,836.06,615.04,328.8,d,25,0.25,1008.0,81,1008.1,0,0,144.5759,13.1,2024-04-11T16:00:00,2024-04-11T20:00:00,1712865600,1.4,10.032,Overcast clouds,804,c04d,SSE,south-southeast,156,13.2,8.8
13.1,96,100,100,97,2024-04-11:21,9.9,89.94,754.94,432.25,329.5,d,25,0.25,1007.5,81,1007.6,0,0,93.64006,13.1,2024-04-11T17:00:00,2024-04-11T21:00:00,1712869200,0.9,24.128,Overcast clouds,804,c04d,SSE,south-southeast,160,14.4,9.6
13.0,95,100,99,95,2024-04-11:22,10.0,69.09,610.47,232.64,325.8,d,30,0.33,1007.0,82,1007.1,0,0,116.086464,13.0,2024-04-11T18:00:00,2024-04-11T22:00:00,1712872800,0.6,24.128,Overcast clouds,804,c04d,SSE,south-southeast,160,15.73,10.53
12.9,95,100,96,100,2024-04-11:23,10.3,34.03,287.49,49.31,324.3,d,35,0.41,1006.5,84,1006.6,0,0,44.655285,12.9,2024-04-11T19:00:00,2024-04-11T23:00:00,1712876400,0.5,12.648,Overcast clouds,804,c04d,SSE,south-southeast,160,17.06,11.46
12.8,94,100,81,98,2024-04-12:00,10.4,0.0,0.0,0.0,324.0,n,40,0.5,1006.5,85,1006.6,0,0,0.0,12.8,2024-04-11T20:00:00,2024-04-12T00:00:00,1712880000,0.0,10.432,Overcast clouds,804,c04n,SSE,south-southeast,160,18.4,12.4
12.9,94,100,100,100,2024-04-12:01,10.7,0.0,0.0,0.0,323.5,n,45,0.67,1006.0,86,1006.1,0,0,0.0,12.9,2024-04-11T21:00:00,2024-04-12T01:00:00,1712883600,0.0,22.832,Drizzle,301,d02n,SSE,south-southeast,160,19.1,12.8
13.1,95,100,100,100,2024-04-12:02,10.9,0.0,0.0,0.0,324.0,n,55,0.84,1005.0,87,1005.1,0,0,0.0,13.1,2024-04-11T22:00:00,2024-04-12T02:00:00,1712887200,0.0,24.128,Drizzle,301,d02n,SSE,south-southeast,160,19.8,13.2
13.2,95,100,100,98,2024-04-12:03,11.2,0.0,0.0,0.0,323.0,n,55,1.01,1003.5,88,1003.6,0,0,0.0,13.2,2024-04-11T23:00:00,2024-04-12T03:00:00,1712890800,0.0,23.696,Light shower rain,520,r04n,SSE,south-southeast,160,20.5,13.6
13.3,95,89,100,96,2024-04-12:04,11.5,0.0,0.0,0.0,326.8,n,55,1.01,1002.5,89,1002.6,0,0,0.0,13.3,2024-04-12T00:00:00,2024-04-12T04:00:00,1712894400,0.0,18.8,Light shower rain,520,r04n,SSE,south-southeast,160,20.93,14.0
13.4,94,5,100,98,2024-04-12:05,11.6,0.0,0.0,0.0,327.8,n,55,1.01,1001.5,89,1001.6,0,0,0.0,13.4,2024-04-12T01:00:00,2024-04-12T05:00:00,1712898000,0.0,24.128,Light shower rain,520,r04n,SSE,south-southeast,160,21.36,14.4
13.5,94,7,100,20,2024-04-12:06,11.9,0.0,0.0,0.0,328.3,n,55,1.01,1000.5,90,1000.6,0,0,0.0,13.5,2024-04-12T02:00:00,2024-04-12T06:00:00,1712901600,0.0,20.064,Light shower rain,520,r04n,SSE,south-southeast,160,21.8,14.8
13.5,92,0,100,78,2024-04-12:07,11.7,0.0,0.0,0.0,330.3,n,60,1.05,999.0,89,999.1,0,0,0.0,13.5,2024-04-12T03:00:00,2024-04-12T07:00:00,1712905200,0.0,19.744,Light shower rain,520,r04n,SSE,south-southeast,163,21.26,14.39
13.6,89,0,100,2,2024-04-12:08,11.8,0.0,0.0,0.0,332.0,n,60,1.09,998.0,89,998.1,0,0,0.0,13.6,2024-04-12T04:00:00,2024-04-12T08:00:00,1712908800,0.0,1.287,Light shower rain,520,r04n,SSE,south-southeast,166,20.73,14.0
13.6,86,0,100,89,2024-04-12:09,11.6,0.0,0.0,0.0,330.8,n,60,1.14,997.5,88,997.6,0,0,0.0,13.6,2024-04-12T05:00:00,2024-04-12T09:00:00,1712912400,0.0,0.262,Light shower rain,520,r04n,S,south,170,20.2,13.6
13.6,84,76,100,100,2024-04-12:10,11.5,0.0,0.0,0.0,327.8,n,60,1.18,996.0,87,996.1,0,0,0.0,13.6,2024-04-12T06:00:00,2024-04-12T10:00:00,1712916000,0.0,0.214,Light shower rain,520,r04n,S,south,173,19.66,13.2
13.7,82,0,100,98,2024-04-12:11,11.5,41.01,360.35,73.36,334.3,d,60,1.22,994.5,87,994.6,0,0,73.540504,13.7,2024-04-12T07:00:00,2024-04-12T11:00:00,1712919600,0.6,0.12,Light shower rain,520,r04d,S,south,176,19.13,12.79
13.7,79,0,100,0,2024-04-12:12,11.4,72.84,638.66,262.92,341.8,d,65,1.27,993.5,86,993.6,0,0,143.46574,13.7,2024-04-12T08:00:00,2024-04-12T12:00:00,1712923200,0.8,0.266,Light shower rain,520,r04d,S,south,180,18.6,12.4
14.1,76,0,100,0,2024-04-12:13,11.1,92.42,770.06,461.98,350.8,d,60,1.14,992.5,82,992.6,0,0,277.1387,14.1,2024-04-12T09:00:00,2024-04-12T13:00:00,1712926800,1.3,0.225,Light shower rain,520,r04d,S,south,186,18.05,12.07
14.5,73,0,100,93,2024-04-12:14,10.7,105.58,845.03,640.89,357.8,d,55,1.01,991.5,78,991.6,0,0,414.56894,14.5,2024-04-12T10:00:00,2024-04-12T14:00:00,1712930400,2.2,0.257,Light shower rain,520,r04d,SSW,south-southwest,193,17.5,11.75
14.9,70,0,100,0,2024-04-12:15,10.3,114.18,889.14,780.64,365.8,d,55,0.88,991.0,74,991.1,0,0,542.7958,14.9,2024-04-12T11:00:00,2024-04-12T15:00:00,1712934000,3.1,0.2,Drizzle,301,d02d,SSW,south-southwest,200,16.95,11.43
15.3,68,0,100,4,2024-04-12:16,10.1,119.02,912.44,867.98,377.8,d,50,0.75,991.5,71,991.6,0,0,661.0226,15.3,2024-04-12T12:00:00,2024-04-12T16:00:00,1712937600,4.0,22.944,Drizzle,301,d02d,SSW,south-southwest,206,16.4,11.11
15.7,65,0,5,58,2024-04-12:17,9.6,120.45,919.11,895.0,386.0,d,45,0.62,992.5,67,992.6,0,0,710.4543,15.7,2024-04-12T13:00:00,2024-04-12T17:00:00,1712941200,4.4,24.128,Drizzle,301,d02d,SSW,south-southwest,213,15.85,10.79
16.1,62,0,34,0,2024-04-12:18,9.1,118.56,910.25,859.34,393.0,d,40,0.5,993.5,63,993.6,0,0,707.0963,16.1,2024-04-12T14:00:00,2024-04-12T18:00:00,1712944800,4.2,24.128,Broken clouds,803,c03d,SW,southwest,220,15.3,10.47
15.6,58,0,71,20,2024-04-12:19,8.6,113.23,884.42,764.18,396.0,d,35,0.45,993.5,63,993.6,0,0,658.39795,15.6,2024-04-12T15:00:00,2024-04-12T19:00:00,1712948400,3.5,24.128,Broken clouds,803,c03d,SW,southwest,223,14.95,10.17
15.1,53,0,85,5,2024-04-12:20,7.9,104.06,836.87,618.19,399.3,d,35,0.41,993.5,62,993.6,0,0,552.56525,15.1,2024-04-12T16:00:00,2024-04-12T20:00:00,1712952000,2.6,24.128,Broken clouds,803,c03d,SW,southwest,226,14.6,9.87
14.6,49,0,12,0,2024-04-12:21,7.4,90.18,756.32,435.4,406.0,d,35,0.37,994.0,62,994.1,0,0,400.74246,14.6,2024-04-12T17:00:00,2024-04-12T21:00:00,1712955600,1.7,19.856,Broken clouds,803,c03d,SW,southwest,230,14.25,9.57
14.1,45,0,5,0,2024-04-12:22,6.9,69.47,613.31,235.75,409.0,d,30,0.33,994.0,62,994.1,0,0,222.05954,14.1,2024-04-12T18:00:00,2024-04-12T22:00:00,1712959200,1.1,21.632,Broken clouds,803,c03d,SW,southwest,233,13.9,9.27
13.6,40,0,12,5,2024-04-12:23,6.2,34.83,296.1,51.83,411.5,d,30,0.29,994.5,61,994.6,0,0,49.70206,13.6,2024-04-12T19:00:00,2024-04-12T23:00:00,1712962800,0.9,20.656,Broken clouds,803,c03d,SW,southwest,236,13.55,8.97
13.1,36,0,38,0,2024-04-13:00,5.8,0.0,0.0,0.0,413.3,n,25,0.25,995.0,61,995.1,0,0,0.0,13.1,2024-04-12T20:00:00,2024-04-13T00:00:00,1712966400,0.0,24.128,Scattered clouds,802,c02n,WSW,west-southwest,240,13.2,8.67
12.6,39,0,60,66,2024-04-13:01,5.5,0.0,0.0,0.0,414.3,n,20,0.2,995.5,62,995.6,0,0,0.0,12.6,2024-04-12T21:00:00,2024-04-13T01:00:00,1712970000,0.0,24.128,Scattered clouds,802,c02n,WSW,west-southwest,240,13.05,8.57
12.1,41,0,82,91,2024-04-13:02,5.2,0.0,0.0,0.0,413.0,n,20,0.16,995.5,63,995.6,0,0,0.0,12.1,2024-04-12T22:00:00,2024-04-13T02:00:00,1712973600,0.0,24.128,Broken clouds,803,c03n,WSW,west-southwest,240,12.9,8.47
11.6,44,0,100,40,2024-04-13:03,5.0,0.0,0.0,0.0,412.0,n,15,0.12,995.5,64,995.6,0,0,0.0,11.6,2024-04-12T23:00:00,2024-04-13T03:00:00,1712977200,0.0,21.52,Broken clouds,803,c03n,WSW,west-southwest,240,12.75,8.37
11.0,47,0,94,96,2024-04-13:04,4.7,0.0,0.0,0.0,409.0,n,10,0.08,996.0,65,996.1,0,0,0.0,11.0,2024-04-13T00:00:00,2024-04-13T04:00:00,1712980800,0.0,20.88,Broken clouds,803,c03n,WSW,west-southwest,240,12.6,8.27
10.5,49,0,100,63,2024-04-13:05,4.5,0.0,0.0,0.0,407.0,n,20,0.04,996.0,66,996.1,0,0,0.0,10.5,2024-04-13T01:00:00,2024-04-13T05:00:00,1712984400,0.0,20.0,Broken clouds,803,c03n,WSW,west-southwest,240,12.45,8.17
10.0,52,0,94,100,2024-04-13:06,4.2,0.0,0.0,0.0,403.5,n,0,0.0,996.5,67,996.6,0,0,0.0,10.0,2024-04-13T02:00:00,2024-04-13T06:00:00,1712988000,0.0,24.128,Broken clouds,803,c03n,WSW,west-southwest,240,12.3,8.07
9.9,53,85,92,100,2024-04-13:07,4.1,0.0,0.0,0.0,400.3,n,0,0.0,997.0,67,997.1,0,0,0.0,9.9,2024-04-13T03:00:00,2024-04-13T07:00:00,1712991600,0.0,24.128,Broken clouds,803,c03n,WSW,west-southwest,243,12.45,8.21
9.8,55,65,100,100,2024-04-13:08,3.7,0.0,0.0,0.0,399.5,n,0,0.0,997.5,66,997.6,0,0,0.0,9.8,2024-04-13T04:00:00,2024-04-13T08:00:00,1712995200,0.0,19.728,Broken clouds,803,c03n,WSW,west-southwest,246,12.6,8.35
9.7,56,84,100,100,2024-04-13:09,3.6,0.0,0.0,0.0,396.0,n,0,0.0,998.5,66,998.6,0,0,0.0,9.7,2024-04-13T05:00:00,2024-04-13T09:00:00,1712998800,0.0,20.32,Broken clouds,803,c03n,WSW,west-southwest,250,12.75,8.5
9.6,57,100,100,100,2024-04-13:10,3.5,0.0,0.0,0.0,394.3,n,0,0.0,999.0,66,999.1,0,0,0.0,9.6,2024-04-13T06:00:00,2024-04-13T10:00:00,1713002400,0.0,24.128,Broken clouds,803,c03n,WSW,west-southwest,253,12.9,8.64
9.4,59,49,100,100,2024-04-13:11,3.2,42.05,370.94,77.49,397.5,d,0,0.0,1000.0,65,1000.1,0,0,66.11762,9.4,2024-04-13T07:00:00,2024-04-13T11:00:00,1713006000,0.8,20.896,Broken clouds,803,c03d,WSW,west-southwest,256,13.05,8.78
9.3,60,92,89,100,2024-04-13:12,3.1,73.38,642.63,267.71,394.0,d,0,0.0,1001.0,65,1001.1,0,0,225.28503,9.3,2024-04-13T08:00:00,2024-04-13T12:00:00,1713009600,1.0,22.464,Broken clouds,803,c03d,W,west,260,13.2,8.93
9.9,60,63,93,95,2024-04-13:13,3.0,92.78,772.11,466.72,396.3,d,0,0.0,1001.7,62,1001.8,0,0,392.08447,9.9,2024-04-13T09:00:00,2024-04-13T13:00:00,1713013200,1.6,23.019,Broken clouds,803,c03d,W,west,263,13.36,9.02
10.5,60,34,96,90,2024-04-13:14,2.9,105.84,846.24,645.37,398.5,d,0,0.0,1002.3,59,1002.5,0,0,541.1708,10.5,2024-04-13T10:00:00,2024-04-13T14:00:00,1713016800,2.5,23.573,Broken clouds,803,c03d,W,west,266,13.53,9.11
11.1,60,5,100,84,2024-04-13:15,2.7,114.38,889.93,784.79,400.8,d,0,0.0,1003.0,56,1003.1,0,0,656.86237,11.1,2024-04-13T11:00:00,2024-04-13T15:00:00,1713020400,3.6,24.128,Broken clouds,803,c03d,W,west,270,13.7,9.2
11.7,61,3,100,90,2024-04-13:16,2.7,119.18,912.99,871.78,410.6,d,0,0.0,1003.5,54,1003.6,0,0,728.39044,11.7,2024-04-13T12:00:00,2024-04-13T16:00:00,1713024000,4.4,24.128,Broken clouds,803,c03d,W,west,273,13.86,9.29
12.3,61,2,100,95,2024-04-13:17,2.5,120.59,919.55,898.51,420.4,d,0,0.0,1004.0,51,1004.1,0,0,749.311,12.3,2024-04-13T13:00:00,2024-04-13T17:00:00,1713027600,4.6,24.128,Broken clouds,803,c03d,W,west,276,14.03,9.38
12.9,61,0,100,100,2024-04-13:18,2.2,118.69,910.69,862.62,430.3,d,0,0.0,1004.5,48,1004.6,0,0,718.01495,12.9,2024-04-13T14:00:00,2024-04-13T18:00:00,1713031200,4.2,24.128,Broken clouds,803,c03d,W,west,280,14.2,9.47
12.7,58,0,100,67,2024-04-13:19,1.9,113.37,884.95,767.33,433.6,d,0,0.0,1004.8,48,1005.0,0,0,661.11194,12.7,2024-04-13T15:00:00,2024-04-13T19:00:00,1713034800,3.5,24.128,Broken clouds,803,c03d,W,west,280,13.91,9.25
12.4,54,0,100,33,2024-04-13:20,2.0,104.24,837.65,621.3,436.9,d,0,0.0,1005.2,49,1005.3,0,0,551.04474,12.4,2024-04-13T16:00:00,2024-04-13T20:00:00,1713038400,2.5,24.128,Broken clouds,803,c03d,W,west,280,13.63,9.04
12.2,51,0,100,0,2024-04-13:21,2.1,90.41,757.67,438.52,440.3,d,0,0.0,1005.5,50,1005.6,0,0,398.52823,12.2,2024-04-13T17:00:00,2024-04-13T21:00:00,1713042000,1.6,24.128,Broken clouds,803,c03d,W,west,280,13.35,8.83
11.9,48,26,71,14,2024-04-13:22,1.8,69.84,616.1,238.83,431.9,d,0,0.0,1006.5,50,1006.6,0,0,221.52965,11.9,2024-04-13T18:00:00,2024-04-13T22:00:00,1713045600,1.1,24.128,Broken clouds,803,c03d,W,west,280,13.06,8.62
11.7,44,52,42,27,2024-04-13:23,1.6,35.62,304.47,54.37,423.6,d,0,0.0,1007.5,50,1007.6,0,0,51.291252,11.7,2024-04-13T19:00:00,2024-04-13T23:00:00,1713049200,0.9,24.128,Broken clouds,803,c03d,W,west,280,12.78,8.41
11.4,41,77,14,41,2024-04-14:00,1.6,0.0,0.0,0.0,415.3,n,0,0.0,1008.5,51,1008.6,0,0,0.0,11.4,2024-04-13T20:00:00,2024-04-14T00:00:00,1713052800,0.0,24.128,Broken clouds,803,c03n,W,west,280,12.5,8.2
11.3,54,52,10,28,2024-04-14:01,-0.5,0.0,0.0,0.0,410.2,n,0,0.0,1009.2,44,1009.3,0,0,0.0,11.3,2024-04-13T21:00:00,2024-04-14T01:00:00,1713056400,0.0,24.128,Few clouds,801,c02n,WNW,west-northwest,291,13.3,7.2
10.9,53,27,7,14,2024-04-14:02,-0.6,0.0,0.0,0.0,405.1,n,0,0.0,1009.8,45,1010.0,0,0,0.0,10.9,2024-04-13T22:00:00,2024-04-14T02:00:00,1713060000,0.0,24.128,Few clouds,801,c02n,WNW,west-northwest,290,13.51,7.2
10.5,53,2,3,1,2024-04-14:03,0.0,0.0,0.0,0.0,400.0,n,0,0.0,1010.5,48,1010.6,0,0,0.0,10.5,2024-04-13T23:00:00,2024-04-14T03:00:00,1713063600,0.0,24.128,Few clouds,801,c02n,WNW,west-northwest,293,13.71,6.69
10.0,51,3,2,9,2024-04-14:04,0.1,0.0,0.0,0.0,395.4,n,0,0.0,1010.5,50,1010.6,0,0,0.0,10.0,2024-04-14T00:00:00,2024-04-14T04:00:00,1713067200,0.0,24.128,Few clouds,801,c02n,WNW,west-northwest,295,12.71,6.69
9.5,49,4,1,16,2024-04-14:05,0.1,0.0,0.0,0.0,390.8,n,0,0.0,1010.5,52,1010.6,0,0,0.0,9.5,2024-04-14T01:00:00,2024-04-14T05:00:00,1713070800,0.0,24.128,Few clouds,801,c02n,WNW,west-northwest,296,11.7,6.17
9.3,48,4,0,24,2024-04-14:06,0.2,0.0,0.0,0.0,386.3,n,0,0.0,1010.5,53,1010.6,0,0,0.0,9.3,2024-04-14T02:00:00,2024-04-14T06:00:00,1713074400,0.0,24.128,Few clouds,801,c02n,WNW,west-northwest,296,10.7,6.17
8.9,47,4,32,49,2024-04-14:07,0.1,0.0,0.0,0.0,386.0,n,0,0.0,1010.2,54,1010.3,0,0,0.0,8.9,2024-04-14T03:00:00,2024-04-14T07:00:00,1713078000,0.0,24.128,Few clouds,801,c02n,WNW,west-northwest,298,10.99,5.66
8.5,46,3,65,75,2024-04-14:08,0.0,0.0,0.0,0.0,385.8,n,0,0.0,1009.8,55,1010.0,0,0,0.0,8.5,2024-04-14T04:00:00,2024-04-14T08:00:00,1713081600,0.0,24.128,Few clouds,801,c02n,WNW,west-northwest,301,11.29,5.66
8.7,50,3,97,100,2024-04-14:09,-0.1,0.0,0.0,0.0,385.5,n,0,0.0,1009.5,54,1009.6,0,0,0.0,8.7,2024-04-14T05:00:00,2024-04-14T09:00:00,1713085200,0.0,24.128,Few clouds,801,c02n,WNW,west-northwest,291,11.59,5.14
9.3,53,35,98,100,2024-04-14:10,0.2,0.0,0.0,0.0,385.8,n,40,0.48611113,1009.5,53,1009.6,0,0,0.0,9.3,2024-04-14T06:00:00,2024-04-14T10:00:00,1713088800,0.0,17.877,Few clouds,801,c02n,WNW,west-northwest,290,10.46,5.66
9.8,55,68,99,100,2024-04-14:11,0.4,43.06,381.09,81.61,386.0,d,55,0.97222227,1009.5,52,1009.6,0,0,51.22098,9.8,2024-04-14T07:00:00,2024-04-14T11:00:00,1713092400,1.8,11.627,Few clouds,801,c02d,WNW,west-northwest,289,9.33,5.66
11.0,58,100,100,100,2024-04-14:12,0.4,73.91,646.48,272.45,386.3,d,65,1.4583334,1009.5,48,1009.6,0,0,90.376465,11.0,2024-04-14T08:00:00,2024-04-14T12:00:00,1713096000,0.5,5.376,Few clouds,801,c02d,WNW,west-northwest,286,8.2,5.66
12.3,59,100,100,68,2024-04-14:13,0.1,93.13,774.1,471.4,386.2,d,60,1.2152778,1008.8,43,1009.0,0,0,128.95201,12.3,2024-04-14T09:00:00,2024-04-14T13:00:00,1713099600,3.2,11.627,Scattered clouds,802,c02d,W,west,278,7.56,5.66
13.7,60,100,100,35,2024-04-14:14,0.0,106.09,847.42,649.78,386.1,d,55,0.97222227,1008.2,39,1008.3,0,0,171.06784,13.7,2024-04-14T10:00:00,2024-04-14T14:00:00,1713103200,4.8,17.877,Scattered clouds,802,c02d,W,west,270,6.93,5.66
14.5,58,100,100,3,2024-04-14:15,0.0,114.57,890.68,788.85,386.0,d,50,0.7291667,1007.5,37,1007.6,0,0,193.45499,14.5,2024-04-14T11:00:00,2024-04-14T15:00:00,1713106800,1.9,24.128,Scattered clouds,802,c02d,WSW,west-southwest,254,6.3,6.17
15.4,60,100,100,6,2024-04-14:16,0.0,119.34,913.51,875.5,387.2,d,0,0.0,1006.7,35,1006.8,0,0,206.8898,15.4,2024-04-14T12:00:00,2024-04-14T16:00:00,1713110400,8.0,24.128,Scattered clouds,802,c02d,WSW,west-southwest,247,6.69,6.69
16.4,61,100,100,10,2024-04-14:17,-0.3,120.73,919.97,901.95,388.3,d,0,0.0,1005.8,32,1006.0,0,0,210.9248,16.4,2024-04-14T13:00:00,2024-04-14T17:00:00,1713114000,8.5,24.128,Scattered clouds,802,c02d,WSW,west-southwest,241,7.2,7.2
16.8,61,100,100,14,2024-04-14:18,0.5,118.82,911.1,865.85,389.5,d,0,0.0,1005.0,33,1005.1,0,0,205.405,16.8,2024-04-14T14:00:00,2024-04-14T18:00:00,1713117600,2.3,24.128,Scattered clouds,802,c02d,SW,southwest,227,7.31,7.2
16.6,62,67,100,9,2024-04-14:19,1.1,113.51,885.46,770.43,389.8,d,20,0.013888889,1004.8,35,1005.0,0,0,190.55283,16.6,2024-04-14T15:00:00,2024-04-14T19:00:00,1713121200,6.4,24.128,Scattered clouds,802,c02d,SW,southwest,222,7.2,7.2
16.4,62,35,100,5,2024-04-14:20,1.7,104.41,838.41,624.37,390.2,d,20,0.0069444445,1004.7,37,1004.8,0,0,166.84686,16.4,2024-04-14T16:00:00,2024-04-14T20:00:00,1713124800,4.6,24.128,Scattered clouds,802,c02d,SW,southwest,217,7.72,7.72
15.1,62,2,100,0,2024-04-14:21,1.3,90.65,758.99,441.6,390.5,d,0,0.0,1004.5,39,1004.6,0,0,134.81,15.1,2024-04-14T17:00:00,2024-04-14T21:00:00,1713128400,0.8,24.128,Scattered clouds,802,c02d,SSW,south-southwest,213,7.72,7.72
14.2,62,32,100,0,2024-04-14:22,2.1,70.21,618.84,241.89,389.7,d,0,0.0,1004.8,44,1005.0,0,0,94.39894,14.2,2024-04-14T18:00:00,2024-04-14T22:00:00,1713132000,2.1,24.128,Scattered clouds,802,c02d,SSW,south-southwest,212,6.69,6.69
13.2,61,62,100,0,2024-04-14:23,2.7,36.39,312.61,56.92,388.8,d,0,0.0,1005.2,49,1005.3,0,0,42.081985,13.2,2024-04-14T19:00:00,2024-04-14T23:00:00,1713135600,1.8,24.128,Scattered clouds,802,c02d,SSW,south-southwest,210,6.17,6.17
12.4,63,92,100,0,2024-04-15:00,3.4,0.0,0.0,0.0,388.0,n,0,0.0,1005.5,54,1005.6,0,0,0.0,12.4,2024-04-14T20:00:00,2024-04-15T00:00:00,1713139200,0.0,24.128,Scattered clouds,802,c02n,SSW,south-southwest,209,6.17,6.17
12.0,66,61,69,0,2024-04-15:01,4.0,0.0,0.0,0.0,387.7,n,20,0.0069444445,1005.8,58,1006.0,0,0,0.0,12.0,2024-04-14T21:00:00,2024-04-15T01:00:00,1713142800,0.0,24.128,Scattered clouds,802,c02n,SSW,south-southwest,206,5.66,5.66
11.5,69,31,39,0,2024-04-15:02,4.7,0.0,0.0,0.0,387.3,n,20,0.013888889,1006.2,63,1006.3,0,0,0.0,11.5,2024-04-14T22:00:00,2024-04-15T02:00:00,1713146400,0.0,24.128,Scattered clouds,802,c02n,SSW,south-southwest,201,5.66,5.66
11.0,67,0,8,0,2024-04-15:03,5.1,0.0,0.0,0.0,387.0,n,20,0.020833334,1006.5,67,1006.6,0,0,0.0,11.0,2024-04-14T23:00:00,2024-04-15T03:00:00,1713150000,0.0,24.128,Scattered clouds,802,c02n,SSW,south-southwest,212,5.14,5.14
10.8,69,0,6,0,2024-04-15:04,5.1,0.0,0.0,0.0,386.9,n,20,0.013888889,1006.7,68,1006.8,0,0,0.0,10.8,2024-04-15T00:00:00,2024-04-15T04:00:00,1713153600,0.0,24.128,Scattered clouds,802,c02n,SSW,south-southwest,205,4.63,4.63
10.6,70,0,3,0,2024-04-15:05,5.0,0.0,0.0,0.0,386.8,n,20,0.0069444445,1006.8,68,1007.0,0,0,0.0,10.6,2024-04-15T01:00:00,2024-04-15T05:00:00,1713157200,0.0,24.128,Scattered clouds,802,c02n,SSW,south-southwest,199,4.63,4.63
10.5,69,0,0,0,2024-04-15:06,4.8,0.0,0.0,0.0,386.8,n,0,0.0,1007.0,68,1007.1,0,0,0.0,10.5,2024-04-15T02:00:00,2024-04-15T06:00:00,1713160800,0.0,24.128,Scattered clouds,802,c02n,SW,southwest,223,4.12,4.12
10.2,71,0,0,0,2024-04-15:07,4.6,0.0,0.0,0.0,385.8,n,0,0.0,1007.2,68,1007.3,0,0,0.0,10.2,2024-04-15T03:00:00,2024-04-15T07:00:00,1713164400,0.0,24.128,Scattered clouds,802,c02n,SW,southwest,233,4.63,4.63
9.9,72,0,0,0,2024-04-15:08,4.5,0.0,0.0,0.0,384.8,n,0,0.0,1007.3,69,1007.5,0,0,0.0,9.9,2024-04-15T04:00:00,2024-04-15T08:00:00,1713168000,0.0,24.128,Scattered clouds,802,c02n,WSW,west-southwest,245,4.63,4.63
10.2,72,0,0,0,2024-04-15:09,5.0,0.0,0.0,0.0,383.8,n,0,0.0,1007.5,70,1007.6,0,0,0.0,10.2,2024-04-15T05:00:00,2024-04-15T09:00:00,1713171600,0.0,24.128,Scattered clouds,802,c02n,W,west,265,5.7,4.63
10.8,72,0,0,0,2024-04-15:10,5.1,0.0,0.0,0.0,384.4,n,0,0.0,1008.0,68,1008.1,0,0,0.0,10.8,2024-04-15T06:00:00,2024-04-15T10:00:00,1713175200,0.0,24.128,Scattered clouds,802,c02n,W,west,261,5.88,4.63
11.4,72,0,0,0,2024-04-15:11,5.5,44.04,390.83,85.72,385.1,d,0,0.0,1008.5,67,1008.6,0,0,85.72,11.4,2024-04-15T07:00:00,2024-04-15T11:00:00,1713178800,1.8,24.128,Scattered clouds,802,c02d,WSW,west-southwest,257,6.05,5.14
12.6,67,0,0,0,2024-04-15:12,4.8,74.43,650.21,277.13,385.8,d,0,0.0,1009.0,59,1009.1,0,0,277.13,12.6,2024-04-15T08:00:00,2024-04-15T12:00:00,1713182400,1.8,24.128,Scattered clouds,802,c02d,WSW,west-southwest,246,6.22,5.14
13.5,66,2,0,0,2024-04-15:13,4.9,93.47,776.03,476.0,385.3,d,0,0.0,1009.2,56,1009.3,0,0,476.0,13.5,2024-04-15T09:00:00,2024-04-15T13:00:00,1713186000,3.2,24.128,Scattered clouds,802,c02d,SW,southwest,236,6.11,5.66
14.5,66,3,0,0,2024-04-15:14,4.8,106.34,848.56,654.1,384.8,d,0,0.0,1009.3,52,1009.5,0,0,654.0999,14.5,2024-04-15T10:00:00,2024-04-15T14:00:00,1713189600,4.9,24.128,Scattered clouds,802,c02d,SW,southwest,229,6.01,5.66
15.3,63,5,0,0,2024-04-15:15,5.0,114.76,891.4,792.83,384.3,d,0,0.0,1009.5,50,1009.6,0,0,792.8298,15.3,2024-04-15T11:00:00,2024-04-15T15:00:00,1713193200,6.2,24.128,Scattered clouds,802,c02d,SW,southwest,236,6.17,6.17
15.7,64,3,0,1,2024-04-15:16,4.7,119.49,914.02,879.15,386.4,d,0,0.0,1009.0,48,1009.1,0,0,879.14856,15.7,2024-04-15T12:00:00,2024-04-15T16:00:00,1713196800,8.1,24.128,Scattered clouds,802,c02d,SW,southwest,229,6.2,6.17
16.1,65,2,0,2,2024-04-15:17,4.5,120.86,920.38,905.31,388.6,d,0,0.0,1008.5,46,1008.6,0,0,905.3053,16.1,2024-04-15T13:00:00,2024-04-15T17:00:00,1713200400,8.5,24.128,Scattered clouds,802,c02d,SW,southwest,224,6.51,6.17
17.0,63,0,0,4,2024-04-15:18,5.3,118.95,911.49,869.01,390.8,d,0,0.0,1008.0,46,1008.1,0,0,868.99945,17.0,2024-04-15T14:00:00,2024-04-15T18:00:00,1713204000,7.3,24.128,Scattered clouds,802,c02d,SSW,south-southwest,207,6.82,6.69
16.8,62,0,20,2,2024-04-15:19,5.4,113.65,885.95,773.48,393.2,d,0,0.0,1007.8,47,1008.0,0,0,769.53973,16.8,2024-04-15T15:00:00,2024-04-15T19:00:00,1713207600,6.4,24.128,Scattered clouds,802,c02d,SSW,south-southwest,203,7.2,7.2
16.7,60,0,39,1,2024-04-15:20,5.9,104.57,839.15,627.39,395.6,d,0,0.0,1007.7,49,1007.8,0,0,602.4217,16.7,2024-04-15T16:00:00,2024-04-15T20:00:00,1713211200,4.6,24.128,Scattered clouds,802,c02d,SSW,south-southwest,198,7.2,7.2
16.3,60,0,58,0,2024-04-15:21,5.0,90.88,760.29,444.66,398.0,d,0,0.0,1007.5,47,1007.6,0,0,381.51913,16.3,2024-04-15T17:00:00,2024-04-15T21:00:00,1713214800,1.5,24.128,Scattered clouds,802,c02d,SSW,south-southwest,204,7.2,7.2
15.5,60,0,45,0,2024-04-15:22,5.4,70.57,621.51,244.94,401.1,d,0,0.0,1008.2,51,1008.3,0,0,230.57278,15.5,2024-04-15T18:00:00,2024-04-15T22:00:00,1713218400,2.1,24.128,Scattered clouds,802,c02d,SSW,south-southwest,205,7.2,7.2
14.7,60,0,31,1,2024-04-15:23,6.0,37.14,320.54,59.48,404.2,d,0,0.0,1008.8,56,1009.0,0,0,58.427113,14.7,2024-04-15T19:00:00,2024-04-15T23:00:00,1713222000,1.8,24.128,Scattered clouds,802,c02d,SSW,south-southwest,205,6.69,6.69
14.1,59,0,18,1,2024-04-16:00,6.5,0.0,0.0,0.0,407.3,n,0,0.0,1009.5,60,1009.6,0,0,0.0,14.1,2024-04-15T20:00:00,2024-04-16T00:00:00,1713225600,0.0,24.128,Scattered clouds,802,c02n,SSW,south-southwest,205,6.17,6.17
10.0,97,100,100,100,2024-04-18:01,7.0,0.0,0.0,0.0,376.0,n,25,0.25,1018.0,82,1018.1,0,0,0.0,10.0,2024-04-17T21:00:00,2024-04-18T01:00:00,1713402000,0.0,12.696,Overcast clouds,804,c04n,E,east,90,6.5,4.4
10.1,94,68,100,100,2024-04-18:02,7.0,0.0,0.0,0.0,372.3,n,25,0.25,1017.5,81,1017.6,0,0,0.0,10.1,2024-04-17T22:00:00,2024-04-18T02:00:00,1713405600,0.0,12.696,Overcast clouds,804,c04n,E,east,80,6.8,4.8
10.1,97,0,100,100,2024-04-18:03,6.8,0.0,0.0,0.0,371.5,n,50,0.76,1017.0,80,1017.1,0,0,0.0,10.1,2024-04-17T23:00:00,2024-04-18T03:00:00,1713409200,0.0,12.4,Drizzle,301,d02n,E,east,80,7.6,5.2
9.9,96,0,100,71,2024-04-18:04,7.0,0.0,0.0,0.0,371.3,n,40,0.5,1016.0,82,1016.1,0,0,0.0,9.9,2024-04-18T00:00:00,2024-04-18T04:00:00,1713412800,0.0,12.296,Overcast clouds,804,c04n,E,east,80,8.8,5.6
9.8,94,0,100,48,2024-04-18:05,7.2,0.0,0.0,0.0,369.5,n,50,0.76,1015.0,84,1015.1,0,0,0.0,9.8,2024-04-18T01:00:00,2024-04-18T05:00:00,1713416400,0.0,12.296,Drizzle,301,d02n,E,east,80,9.6,6.4
9.6,96,100,100,59,2024-04-18:06,7.3,0.0,0.0,0.0,368.3,n,25,0.25,1015.0,86,1015.1,0,0,0.0,9.6,2024-04-18T02:00:00,2024-04-18T06:00:00,1713420000,0.0,12.2,Overcast clouds,804,c04n,E,east,80,10.4,7.2
9.6,95,99,100,1,2024-04-18:07,7.2,0.0,0.0,0.0,367.3,n,55,1.01,1014.5,85,1014.6,0,0,0.0,9.6,2024-04-18T03:00:00,2024-04-18T07:00:00,1713423600,0.0,12.2,Light shower rain,520,r04n,E,east,80,10.4,6.8
9.5,96,65,100,87,2024-04-18:08,7.3,0.0,0.0,0.0,367.3,n,40,0.5,1014.0,86,1014.1,0,0,0.0,9.5,2024-04-18T04:00:00,2024-04-18T08:00:00,1713427200,0.0,12.2,Overcast clouds,804,c04n,E,east,80,10.8,7.2
9.3,96,92,100,94,2024-04-18:09,7.0,0.0,0.0,0.0,368.3,n,40,0.5,1016.5,86,1016.6,0,0,0.0,9.3,2024-04-18T05:00:00,2024-04-18T09:00:00,1713430800,0.0,3.5,Overcast clouds,804,c04n,E,east,80,11.6,7.6
9.1,96,57,78,98,2024-04-18:10,6.8,0.0,0.0,0.0,369.5,n,50,0.76,1015.5,86,1015.6,0,0,0.0,9.1,2024-04-18T06:00:00,2024-04-18T10:00:00,1713434400,0.0,12.6,Drizzle,301,d02n,E,east,80,11.6,7.6
9.4,97,94,100,100,2024-04-18:11,7.0,46.79,417.74,97.96,368.5,d,40,0.5,1014.5,85,1014.6,0,0,56.586,9.4,2024-04-18T07:00:00,2024-04-18T11:00:00,1713438000,0.5,13.496,Overcast clouds,804,c04d,E,east,80,12.0,8.0
9.8,95,0,100,99,2024-04-18:12,6.9,75.92,660.7,290.82,367.0,d,25,0.25,1015.0,82,1015.1,0,0,105.002,9.8,2024-04-18T08:00:00,2024-04-18T12:00:00,1713441600,0.6,13.4,Overcast clouds,804,c04d,E,east,80,12.8,8.4
9.7,93,98,100,8,2024-04-18:13,6.2,94.44,781.47,489.36,366.8,d,25,0.25,1015.5,79,1015.6,0,0,143.376,9.7,2024-04-18T09:00:00,2024-04-18T13:00:00,1713445200,1.1,12.8,Overcast clouds,804,c04d,ENE,east-northeast,70,11.6,8.0
9.8,92,83,100,0,2024-04-18:14,6.2,107.03,851.74,666.6,366.5,d,40,0.5,1016.0,78,1016.1,0,0,173.69,9.8,2024-04-18T10:00:00,2024-04-18T14:00:00,1713448800,1.7,12.6,Overcast clouds,804,c04d,ENE,east-northeast,70,11.6,7.6
9.8,93,1,100,0,2024-04-18:15,5.6,115.29,893.41,804.3,369.3,d,25,0.25,1016.5,75,1016.6,0,0,195.72,9.8,2024-04-18T11:00:00,2024-04-18T15:00:00,1713452400,2.3,13.2,Overcast clouds,804,c04d,ENE,east-northeast,70,11.6,7.6
9.9,92,0,100,0,2024-04-18:16,5.5,119.92,915.4,889.63,370.3,d,25,0.25,1017.0,74,1017.1,0,0,208.883,9.9,2024-04-18T12:00:00,2024-04-18T16:00:00,1713456000,2.9,13.696,Overcast clouds,804,c04d,ENE,east-northeast,60,10.8,7.2
9.8,93,85,100,0,2024-04-18:17,5.4,121.23,921.47,914.97,368.5,d,25,0.25,1019.5,74,1019.6,0,0,212.72699,9.8,2024-04-18T13:00:00,2024-04-18T17:00:00,1713459600,3.0,21.6,Overcast clouds,804,c04d,ENE,east-northeast,60,10.4,6.8
9.6,94,0,100,0,2024-04-18:18,5.0,119.31,912.57,878.1,370.5,d,0,0.0,1019.0,73,1019.1,0,0,207.12,9.6,2024-04-18T14:00:00,2024-04-18T18:00:00,1713463200,2.7,20.592,Overcast clouds,804,c04d,ENE,east-northeast,60,10.3,6.8
9.4,92,0,100,0,2024-04-18:19,5.0,114.04,887.32,782.3,370.5,d,25,0.25,1019.0,74,1019.1,0,0,192.26999,9.4,2024-04-18T15:00:00,2024-04-18T19:00:00,1713466800,2.3,6.8,Overcast clouds,804,c04d,ENE,east-northeast,60,10.0,6.8
9.4,94,0,100,0,2024-04-18:20,4.8,105.05,841.25,636.2,369.3,d,25,0.25,1020.5,73,1020.6,0,0,168.67001,9.4,2024-04-18T16:00:00,2024-04-18T20:00:00,1713470400,1.5,13.696,Overcast clouds,804,c04d,NE,northeast,50,9.4,6.4
8.9,96,0,100,0,2024-04-18:21,4.1,91.54,764.0,453.62,375.5,d,0,0.0,1021.0,72,1021.1,0,0,136.90201,8.9,2024-04-18T17:00:00,2024-04-18T21:00:00,1713474000,0.9,15.8,Overcast clouds,804,c04d,NE,northeast,50,9.3,6.4
8.9,94,0,100,0,2024-04-18:22,4.3,71.61,629.22,253.96,380.3,d,0,0.0,1021.5,73,1021.6,0,0,97.006,8.9,2024-04-18T18:00:00,2024-04-18T22:00:00,1713477600,0.6,16.896,Overcast clouds,804,c04d,NE,northeast,50,8.8,6.0
8.1,91,0,100,0,2024-04-18:23,4.0,39.3,343.07,67.23,372.3,d,0,0.0,1021.0,75,1021.1,0,0,46.023,8.1,2024-04-18T19:00:00,2024-04-18T23:00:00,1713481200,0.5,18.0,Overcast clouds,804,c04d,ENE,east-northeast,60,8.7,5.6
8.0,94,5,100,0,2024-04-19:00,3.3,0.0,0.0,0.0,370.3,n,0,0.0,1021.0,72,1021.1,0,0,0.0,8.0,2024-04-18T20:00:00,2024-04-19T00:00:00,1713484800,0.0,17.696,Overcast clouds,804,c04n,ENE,east-northeast,60,8.4,5.6
8.3,95,100,100,0,2024-04-19:01,4.0,0.0,0.0,0.0,367.5,n,0,0.0,1022.0,74,1022.1,0,0,0.0,8.3,2024-04-18T21:00:00,2024-04-19T01:00:00,1713488400,0.0,16.688,Overcast clouds,804,c04n,NE,northeast,50,8.0,5.2
8.1,89,5,100,0,2024-04-19:02,3.5,0.0,0.0,0.0,365.0,n,0,0.0,1022.0,73,1022.1,0,0,0.0,8.1,2024-04-18T22:00:00,2024-04-19T02:00:00,1713492000,0.0,15.696,Overcast clouds,804,c04n,NE,northeast,50,7.2,4.8
8.2,91,11,77,0,2024-04-19:03,3.3,0.0,0.0,0.0,365.3,n,0,0.0,1021.5,71,1021.6,0,0,0.0,8.2,2024-04-18T23:00:00,2024-04-19T03:00:00,1713495600,0.0,15.8,Overcast clouds,804,c04n,ENE,east-northeast,60,7.2,4.8
8.1,83,0,27,0,2024-04-19:04,3.4,0.0,0.0,0.0,363.8,n,0,0.0,1021.5,72,1021.6,0,0,0.0,8.1,2024-04-19T00:00:00,2024-04-19T04:00:00,1713499200,0.0,15.0,Overcast clouds,804,c04n,ENE,east-northeast,60,6.8,4.8
8.0,77,9,16,0,2024-04-19:05,3.5,0.0,0.0,0.0,358.3,n,0,0.0,1021.5,73,1021.6,0,0,0.0,8.0,2024-04-19T01:00:00,2024-04-19T05:00:00,1713502800,0.0,14.0,Overcast clouds,804,c04n,ENE,east-northeast,60,6.4,4.4
7.6,80,4,13,0,2024-04-19:06,3.1,0.0,0.0,0.0,355.0,n,0,0.0,1021.5,73,1021.6,0,0,0.0,7.6,2024-04-19T02:00:00,2024-04-19T06:00:00,1713506400,0.0,13.296,Overcast clouds,804,c04n,ENE,east-northeast,60,6.0,4.0
7.8,87,81,6,0,2024-04-19:07,3.5,0.0,0.0,0.0,352.3,n,0,0.0,1021.5,74,1021.6,0,0,0.0,7.8,2024-04-19T03:00:00,2024-04-19T07:00:00,1713510000,0.0,13.0,Overcast clouds,804,c04n,NE,northeast,50,5.6,3.6
8.0,78,90,14,4,2024-04-19:08,3.8,0.0,0.0,0.0,347.3,n,0,0.0,1022.0,75,1022.1,0,0,0.0,8.0,2024-04-19T04:00:00,2024-04-19T08:00:00,1713513600,0.0,13.096,Overcast clouds,804,c04n,NE,northeast,50,5.6,3.6
7.5,77,14,72,0,2024-04-19:09,3.4,0.0,0.0,0.0,341.0,n,0,0.0,1021.5,75,1021.6,0,0,0.0,7.5,2024-04-19T05:00:00,2024-04-19T09:00:00,1713517200,0.0,13.0,Overcast clouds,804,c04n,ENE,east-northeast,60,5.6,3.6
8.0,70,57,95,0,2024-04-19:10,4.0,0.0,0.0,0.0,338.8,n,0,0.0,1021.5,76,1021.6,0,0,0.0,8.0,2024-04-19T06:00:00,2024-04-19T10:00:00,1713520800,0.0,13.496,Broken clouds,803,c03n,ENE,east-northeast,60,5.6,3.6
8.5,74,0,100,0,2024-04-19:11,4.0,47.65,426.0,101.99,338.8,d,0,0.0,1021.5,73,1021.6,0,0,57.849,8.5,2024-04-19T07:00:00,2024-04-19T11:00:00,1713524400,0.7,13.296,Overcast clouds,804,c04d,ENE,east-northeast,70,5.33,3.33
9.0,75,0,100,0,2024-04-19:12,4.2,76.38,663.98,295.25,336.3,d,0,0.0,1022.5,72,1022.6,0,0,105.905,9.0,2024-04-19T08:00:00,2024-04-19T12:00:00,1713528000,0.9,15.096,Overcast clouds,804,c04d,ENE,east-northeast,70,5.2,3.2
9.7,77,8,100,12,2024-04-19:13,4.3,94.75,783.17,493.66,336.0,d,0,0.0,1021.5,69,1021.6,0,0,144.116,9.7,2024-04-19T09:00:00,2024-04-19T13:00:00,1713531600,1.4,16.2,Overcast clouds,804,c04d,E,east,80,5.46,3.6
10.5,80,100,100,0,2024-04-19:14,4.2,107.25,852.73,670.6,335.3,d,0,0.0,1021.5,65,1021.6,0,0,174.31,10.5,2024-04-19T10:00:00,2024-04-19T14:00:00,1713535200,2.1,17.088,Overcast clouds,804,c04d,E,east,90,5.73,4.0
11.2,82,100,100,0,2024-04-19:15,4.2,115.46,894.03,807.96,336.8,d,0,0.0,1021.5,62,1021.6,0,0,196.25601,11.2,2024-04-19T11:00:00,2024-04-19T15:00:00,1713538800,2.9,18.992,Overcast clouds,804,c04d,E,east,100,6.0,4.4
11.4,83,100,100,0,2024-04-19:16,4.4,120.05,915.81,892.97,338.0,d,0,0.0,1021.5,62,1021.6,0,0,209.347,11.4,2024-04-19T12:00:00,2024-04-19T16:00:00,1713542400,3.4,18.992,Overcast clouds,804,c04d,ESE,east-southeast,106,6.26,4.53
11.7,84,100,100,72,2024-04-19:17,4.9,121.34,921.79,918.05,338.0,d,0,0.0,1021.5,63,1021.6,0,0,213.14499,11.7,2024-04-19T13:00:00,2024-04-19T17:00:00,1713546000,3.6,18.4,Overcast clouds,804,c04d,ESE,east-southeast,113,6.53,4.66
11.9,85,100,100,100,2024-04-19:18,5.1,119.42,912.89,881.01,341.5,d,0,0.0,1021.0,63,1021.1,0,0,207.521,11.9,2024-04-19T14:00:00,2024-04-19T18:00:00,1713549600,3.2,16.296,Overcast clouds,804,c04d,ESE,east-southeast,120,6.8,4.8
11.6,89,100,8,100,2024-04-19:19,5.3,114.16,887.74,785.13,342.8,d,0,0.0,1016.0,65,1016.1,0,0,315.82156,11.6,2024-04-19T15:00:00,2024-04-19T19:00:00,1713553200,2.4,24.128,Overcast clouds,804,c04d,ESE,east-southeast,123,6.93,4.8
11.3,92,15,100,100,2024-04-19:20,5.4,105.21,841.91,639.05,343.0,d,0,0.0,1015.0,67,1015.1,0,0,200.57686,11.3,2024-04-19T16:00:00,2024-04-19T20:00:00,1713556800,1.6,24.128,Overcast clouds,804,c04d,SE,southeast,126,7.06,4.8
10.9,96,9,24,100,2024-04-19:21,5.5,91.75,765.18,456.55,345.5,d,0,0.0,1015.0,69,1015.1,0,0,98.90427,10.9,2024-04-19T17:00:00,2024-04-19T21:00:00,1713560400,0.9,24.128,Overcast clouds,804,c04d,SE,southeast,130,7.2,4.8
10.4,96,9,100,100,2024-04-19:22,5.6,71.95,631.69,256.92,346.5,d,0,0.0,1014.5,72,1014.6,0,0,130.02087,10.4,2024-04-19T18:00:00,2024-04-19T22:00:00,1713564000,0.6,24.128,Overcast clouds,804,c04d,SE,southeast,133,6.86,4.53
10.0,95,71,74,0,2024-04-19:23,5.9,39.99,350.2,69.83,348.5,d,0,0.0,1015.0,76,1015.1,0,0,56.404762,10.0,2024-04-19T19:00:00,2024-04-19T23:00:00,1713567600,0.5,24.128,Overcast clouds,804,c04d,SE,southeast,136,6.53,4.26
9.5,95,42,69,0,2024-04-20:00,6.0,0.0,0.0,0.0,349.0,n,0,0.0,1015.0,79,1015.1,0,0,0.0,9.5,2024-04-19T20:00:00,2024-04-20T00:00:00,1713571200,0.0,24.128,Overcast clouds,804,c04n,SE,southeast,140,6.2,4.0
9.6,93,100,92,0,2024-04-20:01,6.4,0.0,0.0,0.0,346.3,n,0,0.0,1015.5,80,1015.6,0,0,0.0,9.6,2024-04-19T21:00:00,2024-04-20T01:00:00,1713574800,0.0,24.128,Overcast clouds,804,c04n,SE,southeast,146,5.6,3.6
9.8,92,100,92,0,2024-04-20:02,6.9,0.0,0.0,0.0,345.0,n,0,0.0,1015.0,82,1015.1,0,0,0.0,9.8,2024-04-19T22:00:00,2024-04-20T02:00:00,1713578400,0.0,24.128,Overcast clouds,804,c04n,SSE,south-southeast,153,5.0,3.2
10.0,90,100,76,1,2024-04-20:03,7.2,0.0,0.0,0.0,348.0,n,0,0.0,1014.5,83,1014.6,0,0,0.0,10.0,2024-04-19T23:00:00,2024-04-20T03:00:00,1713582000,0.0,24.128,Overcast clouds,804,c04n,SSE,south-southeast,160,4.4,2.8
9.9,89,96,90,8,2024-04-20:04,7.3,0.0,0.0,0.0,349.8,n,0,0.0,1014.5,84,1014.6,0,0,0.0,9.9,2024-04-20T00:00:00,2024-04-20T04:00:00,1713585600,0.0,24.128,Overcast clouds,804,c04n,S,south,176,4.4,2.8
9.9,89,90,100,52,2024-04-20:05,7.6,0.0,0.0,0.0,355.0,n,0,0.0,1014.0,86,1014.1,0,0,0.0,9.9,2024-04-20T01:00:00,2024-04-20T05:00:00,1713589200,0.0,24.128,Overcast clouds,804,c04n,SSW,south-southwest,193,4.4,2.8
9.8,88,84,100,100,2024-04-20:06,7.8,0.0,0.0,0.0,355.5,n,0,0.0,1013.5,87,1013.6,0,0,0.0,9.8,2024-04-20T02:00:00,2024-04-20T06:00:00,1713592800,0.0,24.128,Overcast clouds,804,c04n,SSW,south-southwest,210,4.4,2.8
9.9,87,100,100,100,2024-04-20:07,7.8,0.0,0.0,0.0,352.3,n,0,0.0,1013.5,87,1013.6,0,0,0.0,9.9,2024-04-20T03:00:00,2024-04-20T07:00:00,1713596400,0.0,24.128,Overcast clouds,804,c04n,SW,southwest,226,4.4,2.8
9.9,86,100,100,100,2024-04-20:08,7.8,0.0,0.0,0.0,353.5,n,0,0.0,1013.5,87,1013.6,0,0,0.0,9.9,2024-04-20T04:00:00,2024-04-20T08:00:00,1713600000,0.0,24.128,Overcast clouds,804,c04n,WSW,west-southwest,243,4.4,2.8
9.9,85,5,99,100,2024-04-20:09,7.9,0.0,0.0,0.0,354.5,n,0,0.0,1013.5,87,1013.6,0,0,0.0,9.9,2024-04-20T05:00:00,2024-04-20T09:00:00,1713603600,0.0,24.128,Overcast clouds,804,c04n,W,west,260,4.4,2.8
10.3,80,5,19,100,2024-04-20:10,7.8,0.0,0.0,0.0,357.3,n,10,0.08,1013.0,84,1013.1,0,0,0.0,10.3,2024-04-20T06:00:00,2024-04-20T10:00:00,1713607200,0.0,24.128,Overcast clouds,804,c04n,W,west,270,4.66,3.06
10.8,75,16,57,100,2024-04-20:11,7.7,48.49,433.93,105.99,359.8,d,20,0.16,1014.0,81,1014.1,0,0,70.12129,10.8,2024-04-20T07:00:00,2024-04-20T11:00:00,1713610800,0.7,24.128,Overcast clouds,804,c04d,W,west,280,4.93,3.33
11.2,70,14,6,100,2024-04-20:12,7.5,76.84,667.15,299.62,360.3,d,25,0.25,1013.5,78,1013.6,0,0,219.42511,11.2,2024-04-20T08:00:00,2024-04-20T12:00:00,1713614400,1.0,24.128,Broken clouds,803,c03d,WNW,west-northwest,290,5.2,3.6
12.5,68,5,8,96,2024-04-20:13,7.0,95.05,784.82,497.88,361.8,d,20,0.16,1013.5,69,1013.6,0,0,379.16763,12.5,2024-04-20T09:00:00,2024-04-20T13:00:00,1713618000,1.6,24.128,Broken clouds,803,c03d,WNW,west-northwest,290,5.2,3.6
13.8,65,33,100,100,2024-04-20:14,6.2,107.47,853.68,674.52,364.0,d,10,0.08,1013.5,60,1013.6,0,0,531.7555,13.8,2024-04-20T10:00:00,2024-04-20T14:00:00,1713621600,2.6,24.128,Broken clouds,803,c03d,WNW,west-northwest,290,5.2,3.6
15.1,63,69,23,80,2024-04-20:15,5.0,115.62,894.62,811.54,368.5,d,0,0.0,1013.0,51,1013.1,0,0,659.7265,15.1,2024-04-20T11:00:00,2024-04-20T15:00:00,1713625200,3.7,24.128,Broken clouds,803,c03d,WNW,west-northwest,290,5.2,3.6
15.5,61,100,5,62,2024-04-20:16,4.9,120.18,916.21,896.23,372.0,d,0,0.0,1012.0,49,1012.1,0,0,748.8189,15.5,2024-04-20T12:00:00,2024-04-20T16:00:00,1713628800,4.7,24.128,Broken clouds,803,c03d,W,west,280,5.83,4.0
16.0,58,100,5,5,2024-04-20:17,4.4,121.46,922.1,921.05,375.3,d,0,0.0,1011.5,46,1011.6,0,0,788.44543,16.0,2024-04-20T13:00:00,2024-04-20T17:00:00,1713632400,5.0,24.128,Broken clouds,803,c03d,W,west,270,6.46,4.4
16.4,56,96,18,68,2024-04-20:18,4.2,119.53,913.2,883.85,378.0,d,0,0.0,1011.0,44,1011.1,0,0,773.07025,16.4,2024-04-20T14:00:00,2024-04-20T18:00:00,1713636000,4.8,24.128,Broken clouds,803,c03d,W,west,260,7.1,4.8
16.2,60,100,56,95,2024-04-20:19,4.0,114.28,888.14,787.91,380.8,d,0,0.0,1010.5,44,1010.6,0,0,663.0471,16.2,2024-04-20T15:00:00,2024-04-20T19:00:00,1713639600,3.7,24.128,Broken clouds,803,c03d,W,west,266,7.86,5.33
16.0,64,100,71,100,2024-04-20:20,4.1,105.36,842.55,641.86,382.8,d,0,0.0,1010.0,45,1010.1,0,0,515.1839,16.0,2024-04-20T16:00:00,2024-04-20T20:00:00,1713643200,2.4,24.128,Broken clouds,803,c03d,W,west,273,8.63,5.86
15.7,68,100,100,100,2024-04-20:21,3.9,91.96,766.34,459.44,386.0,d,0,0.0,1011.5,45,1011.6,0,0,348.01013,15.7,2024-04-20T17:00:00,2024-04-20T21:00:00,1713646800,1.4,24.128,Broken clouds,803,c03d,W,west,280,9.4,6.4
14.8,66,74,100,100,2024-04-20:22,4.0,72.28,634.11,259.87,389.3,d,0,0.0,1011.5,48,1011.6,0,0,201.95212,14.8,2024-04-20T18:00:00,2024-04-20T22:00:00,1713650400,0.9,24.128,Broken clouds,803,c03d,W,west,280,9.86,6.66
13.9,65,0,35,100,2024-04-20:23,3.7,40.67,357.14,72.43,395.0,d,0,0.0,1011.0,50,1011.1,0,0,57.627934,13.9,2024-04-20T19:00:00,2024-04-20T23:00:00,1713654000,0.7,24.128,Broken clouds,803,c03d,W,west,280,10.33,6.93
13.0,63,0,15,0,2024-04-21:00,3.7,0.0,0.0,0.0,414.3,n,0,0.0,1011.5,53,1011.6,0,0,0.0,13.0,2024-04-20T20:00:00,2024-04-21T00:00:00,1713657600,0.0,24.128,Broken clouds,803,c03n,W,west,280,10.8,7.2
12.4,52,0,8,0,2024-04-21:01,3.1,0.0,0.0,0.0,413.0,n,0,0.0,1013.0,53,1013.1,0,0,0.0,12.4,2024-04-20T21:00:00,2024-04-21T01:00:00,1713661200,0.0,24.128,Broken clouds,803,c03n,WNW,west-northwest,290,10.7,7.06
11.8,40,0,5,0,2024-04-21:02,2.5,0.0,0.0,0.0,408.0,n,0,0.0,1013.5,53,1013.6,0,0,0.0,11.8,2024-04-20T22:00:00,2024-04-21T02:00:00,1713664800,0.0,24.128,Broken clouds,803,c03n,WNW,west-northwest,300,10.6,6.93
11.2,29,0,0,0,2024-04-21:03,2.0,0.0,0.0,0.0,405.0,n,0,0.0,1013.0,53,1013.1,0,0,0.0,11.2,2024-04-20T23:00:00,2024-04-21T03:00:00,1713668400,0.0,24.128,Scattered clouds,802,c02n,NW,northwest,310,10.5,6.8
10.5,25,0,0,0,2024-04-21:04,1.6,0.0,0.0,0.0,404.5,n,0,0.0,1013.5,54,1013.6,0,0,0.0,10.5,2024-04-21T00:00:00,2024-04-21T04:00:00,1713672000,0.0,24.128,Scattered clouds,802,c02n,NW,northwest,313,9.93,6.53
9.8,22,0,0,0,2024-04-21:05,1.2,0.0,0.0,0.0,402.8,n,0,0.0,1014.0,55,1014.1,0,0,0.0,9.8,2024-04-21T01:00:00,2024-04-21T05:00:00,1713675600,0.0,24.128,Scattered clouds,802,c02n,NW,northwest,316,9.36,6.26
9.1,18,0,0,0,2024-04-21:06,0.8,0.0,0.0,0.0,398.5,n,0,0.0,1014.0,56,1014.1,0,0,0.0,9.1,2024-04-21T02:00:00,2024-04-21T06:00:00,1713679200,0.0,24.128,Few clouds,801,c02n,NW,northwest,320,8.8,6.0
9.0,20,0,0,0,2024-04-21:07,0.7,0.0,0.0,0.0,396.0,n,0,0.0,1014.0,56,1014.1,0,0,0.0,9.0,2024-04-21T03:00:00,2024-04-21T07:00:00,1713682800,0.0,24.128,Few clouds,801,c02n,NW,northwest,318,8.43,5.73
8.9,21,0,0,0,2024-04-21:08,0.4,0.0,0.0,0.0,394.3,n,0,0.0,1014.5,55,1014.6,0,0,0.0,8.9,2024-04-21T04:00:00,2024-04-21T08:00:00,1713686400,0.0,24.128,Scattered clouds,802,c02n,NW,northwest,316,8.06,5.46
8.8,23,0,0,0,2024-04-21:09,0.3,0.0,0.0,0.0,391.0,n,0,0.0,1015.0,55,1015.1,0,0,0.0,8.8,2024-04-21T05:00:00,2024-04-21T09:00:00,1713690000,0.0,24.128,Scattered clouds,802,c02n,NW,northwest,315,7.7,5.2
8.7,25,0,0,0,2024-04-21:10,0.2,0.0,0.0,0.0,390.0,n,0,0.0,1015.0,55,1015.1,0,0,0.0,8.7,2024-04-21T06:00:00,2024-04-21T10:00:00,1713693600,0.0,24.128,Scattered clouds,802,c02n,NW,northwest,313,7.33,4.93
8.6,26,0,0,0,2024-04-21:11,-0.2,49.29,441.54,109.96,389.8,d,0,0.0,1015.5,54,1015.6,0,0,108.90072,8.6,2024-04-21T07:00:00,2024-04-21T11:00:00,1713697200,1.1,24.128,Scattered clouds,802,c02d,NW,northwest,311,6.96,4.66
8.5,28,0,0,0,2024-04-21:12,-0.2,77.29,670.22,303.92,391.8,d,0,0.0,1016.0,54,1016.1,0,0,300.3114,8.5,2024-04-21T08:00:00,2024-04-21T12:00:00,1713700800,1.5,24.128,Scattered clouds,802,c02d,NW,northwest,310,6.6,4.4
9.4,34,0,0,0,2024-04-21:13,-0.2,95.34,786.41,502.02,393.0,d,0,0.0,1016.0,51,1016.1,0,0,490.68057,9.4,2024-04-21T09:00:00,2024-04-21T13:00:00,1713704400,2.3,24.128,Scattered clouds,802,c02d,WNW,west-northwest,299,6.75,4.52
10.3,40,0,0,5,2024-04-21:14,0.1,107.67,854.6,678.36,393.8,d,0,0.0,1016.0,49,1016.1,0,0,652.05115,10.3,2024-04-21T10:00:00,2024-04-21T14:00:00,1713708000,3.5,24.128,Scattered clouds,802,c02d,WNW,west-northwest,290,6.9,4.64
11.2,46,0,4,1,2024-04-21:15,0.0,115.77,895.18,815.04,395.3,d,0,0.0,1015.5,46,1015.6,0,0,764.61334,11.2,2024-04-21T11:00:00,2024-04-21T15:00:00,1713711600,4.5,24.128,Broken clouds,803,c03d,W,west,280,7.05,4.76
12.1,51,53,5,1,2024-04-21:16,-0.1,120.3,916.59,899.41,392.5,d,0,0.0,1015.0,43,1015.1,0,0,815.5678,12.1,2024-04-21T12:00:00,2024-04-21T16:00:00,1713715200,5.2,24.128,Broken clouds,803,c03d,W,west,270,7.2,4.88
13.0,57,100,5,5,2024-04-21:17,0.1,121.56,922.39,923.99,387.3,d,0,0.0,1014.0,41,1014.1,0,0,799.8181,13.0,2024-04-21T13:00:00,2024-04-21T17:00:00,1713718800,5.1,24.128,Broken clouds,803,c03d,W,west,260,7.35,5.0
13.9,63,100,16,10,2024-04-21:18,-0.2,119.64,913.49,886.63,386.0,d,0,0.0,1013.5,38,1013.6,0,0,720.7696,13.9,2024-04-21T14:00:00,2024-04-21T18:00:00,1713722400,4.4,24.128,Broken clouds,803,c03d,WSW,west-southwest,250,7.5,5.13
13.5,66,100,48,5,2024-04-21:19,0.2,114.4,888.53,790.64,384.3,d,0,0.0,1012.5,40,1012.6,0,0,621.8131,13.5,2024-04-21T15:00:00,2024-04-21T19:00:00,1713726000,3.4,24.128,Broken clouds,803,c03d,WSW,west-southwest,246,7.6,5.15
13.1,68,100,73,4,2024-04-21:20,0.5,105.5,843.17,644.63,383.0,d,0,0.0,1012.0,42,1012.1,0,0,488.28525,13.1,2024-04-21T16:00:00,2024-04-21T20:00:00,1713729600,2.3,24.128,Broken clouds,803,c03d,WSW,west-southwest,243,7.7,5.17
12.7,70,100,98,10,2024-04-21:21,0.8,92.17,767.47,462.31,384.0,d,0,0.0,1011.5,44,1011.6,0,0,335.53934,12.7,2024-04-21T17:00:00,2024-04-21T21:00:00,1713733200,1.4,24.128,Overcast clouds,804,c04d,WSW,west-southwest,240,7.8,5.2
12.3,73,100,100,15,2024-04-21:22,1.3,72.61,636.48,262.8,384.8,d,0,0.0,1011.5,47,1011.6,0,0,181.67296,12.3,2024-04-21T18:00:00,2024-04-21T22:00:00,1713736800,0.8,24.128,Overcast clouds,804,c04d,SW,southwest,236,7.9,5.22
11.9,76,100,79,10,2024-04-21:23,1.6,41.33,363.9,75.05,383.3,d,0,0.0,1012.0,49,1012.1,0,0,49.071575,11.9,2024-04-21T19:00:00,2024-04-21T23:00:00,1713740400,0.7,24.128,Overcast clouds,804,c04d,SW,southwest,233,8.0,5.24
11.5,78,100,5,14,2024-04-22:00,1.8,0.0,0.0,0.0,382.5,n,0,0.0,1012.5,51,1012.6,0,0,0.0,11.5,2024-04-21T20:00:00,2024-04-22T00:00:00,1713744000,0.0,24.128,Overcast clouds,804,c04n,SW,southwest,230,8.1,5.27
11.2,75,100,5,100,2024-04-22:01,1.9,0.0,0.0,0.0,383.8,n,0,0.0,1013.0,53,1013.1,0,0,0.0,11.2,2024-04-21T21:00:00,2024-04-22T01:00:00,1713747600,0.0,24.128,Overcast clouds,804,c04n,WSW,west-southwest,241,7.7,5.04
10.8,72,100,5,82,2024-04-22:02,2.1,0.0,0.0,0.0,385.8,n,0,0.0,1013.5,55,1013.6,0,0,0.0,10.8,2024-04-21T22:00:00,2024-04-22T02:00:00,1713751200,0.0,24.128,Overcast clouds,804,c04n,WSW,west-southwest,253,7.3,4.82
10.4,69,100,5,0,2024-04-22:03,2.0,0.0,0.0,0.0,387.0,n,0,0.0,1013.0,56,1013.1,0,0,0.0,10.4,2024-04-21T23:00:00,2024-04-22T03:00:00,1713754800,0.0,24.128,Broken clouds,803,c03n,W,west,265,6.9,4.6
10.1,66,100,5,0,2024-04-22:04,2.2,0.0,0.0,0.0,388.8,n,0,0.0,1013.0,58,1013.1,0,0,0.0,10.1,2024-04-22T00:00:00,2024-04-22T04:00:00,1713758400,0.0,24.128,Broken clouds,803,c03n,W,west,276,6.5,4.37
9.7,63,100,5,0,2024-04-22:05,2.3,0.0,0.0,0.0,389.5,n,0,0.0,1013.5,60,1013.6,0,0,0.0,9.7,2024-04-22T01:00:00,2024-04-22T05:00:00,1713762000,0.0,24.128,Broken clouds,803,c03n,WNW,west-northwest,288,6.1,4.15
9.3,60,100,5,0,2024-04-22:06,2.5,0.0,0.0,0.0,391.3,n,0,0.0,1013.5,62,1013.6,0,0,0.0,9.3,2024-04-22T02:00:00,2024-04-22T06:00:00,1713765600,0.0,24.128,Broken clouds,803,c03n,WNW,west-northwest,300,5.7,3.93
9.3,54,100,3,0,2024-04-22:07,2.4,0.0,0.0,0.0,389.5,n,0,0.0,1013.5,62,1013.6,0,0,0.0,9.3,2024-04-22T03:00:00,2024-04-22T07:00:00,1713769200,0.0,24.128,Broken clouds,803,c03n,NW,northwest,308,5.65,3.87
9.3,48,65,4,0,2024-04-22:08,2.2,0.0,0.0,0.0,390.0,n,0,0.0,1014.0,61,1014.1,0,0,0.0,9.3,2024-04-22T04:00:00,2024-04-22T08:00:00,1713772800,0.0,24.128,Broken clouds,803,c03n,NW,northwest,316,5.6,3.82
9.3,42,4,0,0,2024-04-22:09,1.9,0.0,0.0,0.0,389.8,n,0,0.0,1014.0,60,1014.1,0,0,0.0,9.3,2024-04-22T05:00:00,2024-04-22T09:00:00,1713776400,0.0,24.128,Broken clouds,803,c03n,NW,northwest,325,5.55,3.76
9.3,35,4,0,0,2024-04-22:10,1.9,0.0,0.0,0.0,390.5,n,0,0.0,1014.5,60,1014.6,0,0,0.0,9.3,2024-04-22T06:00:00,2024-04-22T10:00:00,1713780000,0.0,24.128,Scattered clouds,802,c02n,NNW,north-northwest,333,5.5,3.71
9.2,29,0,0,0,2024-04-22:11,1.9,50.07,448.86,113.89,390.5,d,0,0.0,1015.0,60,1015.1,0,0,112.33759,9.2,2024-04-22T07:00:00,2024-04-22T11:00:00,1713783600,1.1,24.128,Scattered clouds,802,c02d,NNW,north-northwest,341,5.45,3.65
9.2,23,0,0,0,2024-04-22:12,1.6,77.72,673.18,308.14,391.0,d,0,0.0,1015.5,59,1015.6,0,0,306.2656,9.2,2024-04-22T08:00:00,2024-04-22T12:00:00,1713787200,1.6,24.128,Scattered clouds,802,c02d,NNW,north-northwest,350,5.4,3.6
10.3,22,0,0,0,2024-04-22:13,1.9,95.63,787.94,506.08,391.9,d,0,0.0,1015.3,56,1015.5,0,0,503.43332,10.3,2024-04-22T09:00:00,2024-04-22T13:00:00,1713790800,2.6,24.128,Scattered clouds,802,c02d,NW,northwest,325,5.58,3.7
11.3,21,0,0,0,2024-04-22:14,1.8,107.88,855.48,682.11,392.8,d,0,0.0,1015.2,52,1015.3,0,0,679.0646,11.3,2024-04-22T10:00:00,2024-04-22T14:00:00,1713794400,4.1,24.128,Scattered clouds,802,c02d,WNW,west-northwest,300,5.76,3.8
12.3,20,0,0,0,2024-04-22:15,1.9,115.92,895.72,818.45,393.8,d,0,0.0,1015.0,49,1015.1,0,0,815.3545,12.3,2024-04-22T11:00:00,2024-04-22T15:00:00,1713798000,5.8,24.128,Few clouds,801,c02d,W,west,275,5.95,3.9
13.3,19,0,0,0,2024-04-22:16,2.0,120.42,916.94,902.52,393.9,d,0,0.0,1014.5,46,1014.6,0,0,899.6528,13.3,2024-04-22T12:00:00,2024-04-22T16:00:00,1713801600,7.0,24.128,Few clouds,801,c02d,WSW,west-southwest,250,6.13,4.0
14.4,18,0,0,0,2024-04-22:17,1.6,121.67,922.67,926.86,394.1,d,0,0.0,1014.0,42,1014.1,0,0,924.4099,14.4,2024-04-22T13:00:00,2024-04-22T17:00:00,1713805200,7.5,24.128,Few clouds,801,c02d,SW,southwest,225,6.31,4.1
15.4,17,0,0,0,2024-04-22:18,1.5,119.74,913.77,889.35,394.3,d,0,0.0,1013.5,39,1013.6,0,0,887.41425,15.4,2024-04-22T14:00:00,2024-04-22T18:00:00,1713808800,6.9,24.128,Few clouds,801,c02d,SSW,south-southwest,200,6.5,4.2
14.8,17,2,2,0,2024-04-22:19,1.7,114.51,888.9,793.32,395.2,d,0,0.0,1013.2,41,1013.3,0,0,791.5374,14.8,2024-04-22T15:00:00,2024-04-22T19:00:00,1713812400,5.6,24.128,Few clouds,801,c02d,SSW,south-southwest,198,6.56,4.21
14.3,17,3,3,0,2024-04-22:20,2.2,105.65,843.78,647.35,396.1,d,0,0.0,1012.8,44,1013.0,0,0,645.8458,14.3,2024-04-22T16:00:00,2024-04-22T20:00:00,1713816000,3.9,24.128,Few clouds,801,c02d,SSW,south-southwest,196,6.63,4.22
13.7,18,5,5,0,2024-04-22:21,2.3,92.37,768.58,465.14,397.0,d,0,0.0,1012.5,46,1012.6,0,0,464.02277,13.7,2024-04-22T17:00:00,2024-04-22T21:00:00,1713819600,2.4,24.128,Few clouds,801,c02d,SSW,south-southwest,195,6.7,4.23
13.2,18,37,4,0,2024-04-22:22,2.4,72.93,638.81,265.71,398.3,d,0,0.0,1013.2,48,1013.3,0,0,265.0517,13.2,2024-04-22T18:00:00,2024-04-22T22:00:00,1713823200,1.5,24.128,Few clouds,801,c02d,SSW,south-southwest,193,6.76,4.24
12.6,18,68,3,0,2024-04-22:23,2.8,41.98,370.49,77.66,399.5,d,0,0.0,1013.8,51,1014.0,0,0,77.461235,12.6,2024-04-22T19:00:00,2024-04-22T23:00:00,1713826800,1.2,24.128,Few clouds,801,c02d,S,south,191,6.83,4.25
12.1,18,100,2,0,2024-04-23:00,2.8,0.0,0.0,0.0,400.8,n,0,0.0,1014.5,53,1014.6,0,0,0.0,12.1,2024-04-22T20:00:00,2024-04-23T00:00:00,1713830400,0.0,24.128,Few clouds,801,c02n,S,south,190,6.9,4.27
9.7,57,100,1,0,2024-04-23:01,2.8,0.0,0.0,0.0,401.8,n,0,0.0,1015.0,62,1015.1,0,0,0.0,9.7,2024-04-22T21:00:00,2024-04-23T01:00:00,1713834000,0.0,24.128,Scattered clouds,802,c02n,SSE,south-southeast,159,4.41,3.6
9.3,54,100,1,0,2024-04-23:02,2.9,0.0,0.0,0.0,402.8,n,0,0.0,1015.5,64,1015.6,0,0,0.0,9.3,2024-04-22T22:00:00,2024-04-23T02:00:00,1713837600,0.0,24.128,Few clouds,801,c02n,SSE,south-southeast,158,4.91,3.6
9.3,51,100,0,0,2024-04-23:03,3.1,0.0,0.0,0.0,403.8,n,0,0.0,1016.0,65,1016.1,0,0,0.0,9.3,2024-04-22T23:00:00,2024-04-23T03:00:00,1713841200,0.0,24.128,Few clouds,801,c02n,SSE,south-southeast,156,5.4,3.6
8.8,50,81,0,0,2024-04-23:04,3.0,0.0,0.0,0.0,405.0,n,0,0.0,1016.2,67,1016.3,0,0,0.0,8.8,2024-04-23T00:00:00,2024-04-23T04:00:00,1713844800,0.0,24.128,Few clouds,801,c02n,SSE,south-southeast,164,5.77,3.09
8.4,48,63,0,0,2024-04-23:05,3.0,0.0,0.0,0.0,406.3,n,0,0.0,1016.3,69,1016.5,0,0,0.0,8.4,2024-04-23T01:00:00,2024-04-23T05:00:00,1713848400,0.0,24.128,Few clouds,801,c02n,S,south,178,6.15,2.57
8.1,48,44,0,0,2024-04-23:06,3.2,0.0,0.0,0.0,407.5,n,0,0.0,1016.5,71,1016.6,0,0,0.0,8.1,2024-04-23T02:00:00,2024-04-23T06:00:00,1713852000,0.0,24.128,Few clouds,801,c02n,SSW,south-southwest,202,6.52,2.57
7.7,49,29,0,0,2024-04-23:07,3.2,0.0,0.0,0.0,406.8,n,0,0.0,1016.8,73,1017.0,0,0,0.0,7.7,2024-04-23T03:00:00,2024-04-23T07:00:00,1713855600,0.0,24.128,Few clouds,801,c02n,SSE,south-southeast,167,6.31,2.57
7.3,50,15,0,0,2024-04-23:08,3.4,0.0,0.0,0.0,406.2,n,0,0.0,1017.2,76,1017.3,0,0,0.0,7.3,2024-04-23T04:00:00,2024-04-23T08:00:00,1713859200,0.0,24.128,Few clouds,801,c02n,ESE,east-southeast,108,6.11,2.57
7.8,49,0,0,0,2024-04-23:09,2.9,0.0,0.0,0.0,405.5,n,0,0.0,1017.5,71,1017.6,0,0,0.0,7.8,2024-04-23T05:00:00,2024-04-23T09:00:00,1713862800,0.0,24.128,Few clouds,801,c02n,SE,southeast,133,5.9,3.09
8.5,52,0,0,0,2024-04-23:10,3.1,0.0,0.0,0.0,407.3,n,0,0.0,1017.8,69,1018.0,0,0,0.0,8.5,2024-04-23T06:00:00,2024-04-23T10:00:00,1713866400,0.0,24.128,Few clouds,801,c02n,ESE,east-southeast,122,5.58,3.6
9.1,55,0,0,0,2024-04-23:11,3.5,50.83,455.87,117.78,409.2,d,0,0.0,1018.2,68,1018.3,0,0,117.78,9.1,2024-04-23T07:00:00,2024-04-23T11:00:00,1713870000,1.8,24.128,Few clouds,801,c02d,ESE,east-southeast,117,5.25,3.6
10.6,58,0,0,0,2024-04-23:12,3.4,78.14,676.05,312.29,411.0,d,0,0.0,1018.5,61,1018.6,0,0,312.29,10.6,2024-04-23T08:00:00,2024-04-23T12:00:00,1713873600,1.9,24.128,Scattered clouds,802,c02d,SE,southeast,133,4.93,4.12
11.7,59,0,0,0,2024-04-23:13,3.5,95.9,789.42,510.05,411.2,d,0,0.0,1018.3,57,1018.5,0,0,510.05,11.7,2024-04-23T09:00:00,2024-04-23T13:00:00,1713877200,3.5,24.128,Scattered clouds,802,c02d,SE,southeast,137,4.63,4.63
12.8,60,0,0,0,2024-04-23:14,3.7,108.07,856.33,685.78,411.3,d,0,0.0,1018.2,54,1018.3,0,0,685.78,12.8,2024-04-23T10:00:00,2024-04-23T14:00:00,1713880800,5.3,24.128,Scattered clouds,802,c02d,SE,southeast,140,5.14,5.14
13.9,63,0,0,0,2024-04-23:15,3.4,116.07,896.24,821.78,411.5,d,0,0.0,1018.0,49,1018.1,0,0,821.78,13.9,2024-04-23T11:00:00,2024-04-23T15:00:00,1713884400,6.7,24.128,Scattered clouds,802,c02d,SE,southeast,142,5.14,5.14
14.1,64,8,1,0,2024-04-23:16,3.6,120.54,917.28,905.54,411.3,d,0,0.0,1017.8,49,1018.0,0,0,905.5383,14.1,2024-04-23T12:00:00,2024-04-23T16:00:00,1713888000,8.6,24.128,Scattered clouds,802,c02d,SSE,south-southeast,148,5.66,5.66
14.3,66,17,1,0,2024-04-23:17,3.7,121.77,922.92,929.65,411.2,d,0,0.0,1017.7,49,1017.8,0,0,929.6323,14.3,2024-04-23T13:00:00,2024-04-23T17:00:00,1713891600,9.0,24.128,Scattered clouds,802,c02d,SSE,south-southeast,153,6.17,6.17
14.8,67,25,2,0,2024-04-23:18,4.5,119.84,914.03,892.01,411.0,d,0,0.0,1017.5,50,1017.6,0,0,891.9427,14.8,2024-04-23T14:00:00,2024-04-23T18:00:00,1713895200,7.5,24.128,Scattered clouds,802,c02d,SSE,south-southeast,155,6.69,6.69
14.7,70,50,1,33,2024-04-23:19,4.7,114.62,889.25,795.95,410.9,d,0,0.0,1017.0,51,1017.1,0,0,770.31805,14.7,2024-04-23T15:00:00,2024-04-23T19:00:00,1713898800,6.8,24.128,Scattered clouds,802,c02d,SSE,south-southeast,157,6.69,6.69
14.5,73,75,1,67,2024-04-23:20,5.0,105.79,844.36,650.04,410.8,d,0,0.0,1016.5,53,1016.6,0,0,486.19202,14.5,2024-04-23T16:00:00,2024-04-23T20:00:00,1713902400,4.9,24.128,Scattered clouds,802,c02d,SSE,south-southeast,158,7.2,7.2
13.2,72,100,0,100,2024-04-23:21,4.1,92.57,769.67,467.95,410.8,d,0,0.0,1016.0,54,1016.1,0,0,139.365,13.2,2024-04-23T17:00:00,2024-04-23T21:00:00,1713906000,0.8,24.128,Scattered clouds,802,c02d,SSE,south-southeast,160,6.69,6.69
12.3,73,72,0,68,2024-04-23:22,4.5,73.25,641.09,268.6,410.6,d,0,0.0,1016.0,59,1016.1,0,0,201.92445,12.3,2024-04-23T18:00:00,2024-04-23T22:00:00,1713909600,2.1,24.128,Scattered clouds,802,c02d,SSE,south-southeast,161,6.17,6.17
11.4,75,45,0,37,2024-04-23:23,4.8,42.62,376.92,80.28,410.4,d,0,0.0,1016.0,64,1016.1,0,0,77.836395,11.4,2024-04-23T19:00:00,2024-04-23T23:00:00,1713913200,1.8,24.128,Scattered clouds,802,c02d,SSE,south-southeast,161,5.66,5.66
11.1,75,17,0,5,2024-04-24:00,5.0,0.0,0.0,0.0,410.3,n,0,0.0,1016.0,66,1016.1,0,0,0.0,11.1,2024-04-23T20:00:00,2024-04-24T00:00:00,1713916800,0.0,24.128,Scattered clouds,802,c02n,SSE,south-southeast,163,5.92,5.66
10.9,77,22,2,37,2024-04-24:01,5.4,0.0,0.0,0.0,411.0,n,0,0.0,1016.2,69,1016.3,0,0,0.0,10.9,2024-04-23T21:00:00,2024-04-24T01:00:00,1713920400,0.0,24.128,Scattered clouds,802,c02n,SSE,south-southeast,159,6.21,5.66
10.8,78,27,3,68,2024-04-24:02,5.8,0.0,0.0,0.0,411.8,n,0,0.0,1016.3,71,1016.5,0,0,0.0,10.8,2024-04-23T22:00:00,2024-04-24T02:00:00,1713924000,0.0,24.128,Scattered clouds,802,c02n,SSE,south-southeast,153,6.51,5.66
10.2,80,32,5,100,2024-04-24:03,6.2,0.0,0.0,0.0,412.5,n,0,0.0,1016.5,76,1016.6,0,0,0.0,10.2,2024-04-23T23:00:00,2024-04-24T03:00:00,1713927600,0.0,24.128,Scattered clouds,802,c02n,SSE,south-southeast,166,6.8,5.14
10.1,79,28,5,100,2024-04-24:04,6.1,0.0,0.0,0.0,413.0,n,0,0.0,1016.2,76,1016.3,0,0,0.0,10.1,2024-04-24T00:00:00,2024-04-24T04:00:00,1713931200,0.0,24.128,Scattered clouds,802,c02n,SSE,south-southeast,163,6.37,4.63
10.1,78,25,5,100,2024-04-24:05,6.1,0.0,0.0,0.0,413.5,n,0,0.0,1015.8,76,1016.0,0,0,0.0,10.1,2024-04-24T01:00:00,2024-04-24T05:00:00,1713934800,0.0,24.128,Scattered clouds,802,c02n,SSE,south-southeast,161,5.93,4.63
9.8,78,22,5,100,2024-04-24:06,5.8,0.0,0.0,0.0,414.0,n,0,0.0,1015.5,76,1015.6,0,0,0.0,9.8,2024-04-24T02:00:00,2024-04-24T06:00:00,1713938400,0.0,24.128,Overcast clouds,804,c04n,S,south,178,5.5,4.63
9.6,77,48,36,100,2024-04-24:07,5.4,0.0,0.0,0.0,415.6,n,0,0.0,1015.5,75,1015.6,0,0,0.0,9.6,2024-04-24T03:00:00,2024-04-24T07:00:00,1713942000,0.0,24.128,Overcast clouds,804,c04n,S,south,180,4.9,4.63
9.4,76,74,68,100,2024-04-24:08,5.2,0.0,0.0,0.0,417.2,n,0,0.0,1015.5,75,1015.6,0,0,0.0,9.4,2024-04-24T04:00:00,2024-04-24T08:00:00,1713945600,0.0,24.128,Overcast clouds,804,c04n,S,south,183,4.63,4.63
9.9,72,100,100,100,2024-04-24:09,5.1,0.0,0.0,0.0,418.8,n,0,0.0,1015.5,72,1015.6,0,0,0.0,9.9,2024-04-24T05:00:00,2024-04-24T09:00:00,1713949200,0.0,24.128,Scattered clouds,802,c02n,S,south,182,4.63,4.63
10.5,72,67,100,100,2024-04-24:10,5.3,0.0,0.0,0.0,424.8,n,15,0.11805556,1015.2,70,1015.3,0,0,0.0,10.5,2024-04-24T06:00:00,2024-04-24T10:00:00,1713952800,0.0,23.76,Scattered clouds,802,c02n,S,south,184,4.63,4.63
11.0,72,33,100,100,2024-04-24:11,5.5,51.56,462.61,121.62,430.8,d,25,0.23611112,1014.8,69,1015.0,0,0,63.721973,11.0,2024-04-24T07:00:00,2024-04-24T11:00:00,1713956400,1.8,23.392,Scattered clouds,802,c02d,S,south,188,4.63,4.63
12.0,72,0,100,100,2024-04-24:12,5.2,78.54,678.81,316.37,436.8,d,30,0.35416666,1014.5,63,1014.6,0,0,110.177,12.0,2024-04-24T08:00:00,2024-04-24T12:00:00,1713960000,0.6,23.024,Scattered clouds,802,c02d,SSW,south-southwest,204,5.14,5.14
12.6,73,0,100,98,2024-04-24:13,4.8,96.17,790.85,513.94,438.4,d,45,0.59722227,1014.5,59,1014.6,0,0,147.56387,12.6,2024-04-24T09:00:00,2024-04-24T13:00:00,1713963600,3.5,21.152,Scattered clouds,802,c02d,SSW,south-southwest,205,5.14,5.14
13.2,74,0,100,97,2024-04-24:14,4.6,108.26,857.14,689.36,440.1,d,55,0.84027785,1014.5,56,1014.6,0,0,177.19583,13.2,2024-04-24T10:00:00,2024-04-24T14:00:00,1713967200,5.3,19.28,Scattered clouds,802,c02d,SSW,south-southwest,206,5.66,5.66
13.4,71,0,100,95,2024-04-24:15,4.5,116.21,896.73,825.03,441.8,d,60,1.0833334,1014.5,55,1014.6,0,0,186.12358,13.4,2024-04-24T11:00:00,2024-04-24T15:00:00,1713970800,2.1,17.408,Scattered clouds,802,c02d,WSW,west-southwest,247,6.17,6.17
13.8,70,0,100,97,2024-04-24:16,4.4,120.65,917.59,908.49,440.3,d,55,0.8888889,1014.5,53,1014.6,0,0,211.49878,13.8,2024-04-24T12:00:00,2024-04-24T16:00:00,1713974400,8.6,15.363,Scattered clouds,802,c02d,SW,southwest,236,5.66,5.66
14.2,69,0,100,98,2024-04-24:17,4.5,121.87,923.16,932.38,438.9,d,50,0.6944445,1014.5,52,1014.6,0,0,215.10779,14.2,2024-04-24T13:00:00,2024-04-24T17:00:00,1713978000,9.1,13.317,Scattered clouds,802,c02d,SW,southwest,227,5.66,5.66
14.6,67,0,100,100,2024-04-24:18,3.4,119.93,914.28,894.61,437.5,d,40,0.5,1014.5,47,1014.6,0,0,209.39099,14.6,2024-04-24T14:00:00,2024-04-24T18:00:00,1713981600,2.5,11.272,Scattered clouds,802,c02d,WSW,west-southwest,251,6.17,6.17
14.5,66,0,100,67,2024-04-24:19,3.0,114.73,889.6,798.52,434.6,d,35,0.38194445,1014.5,46,1014.6,0,0,194.58182,14.5,2024-04-24T15:00:00,2024-04-24T19:00:00,1713985200,6.8,15.557,Scattered clouds,802,c02d,SW,southwest,236,6.17,6.17
14.3,65,0,100,33,2024-04-24:20,2.5,105.92,844.94,652.69,431.7,d,25,0.2638889,1014.5,45,1014.6,0,0,171.18884,14.3,2024-04-24T16:00:00,2024-04-24T20:00:00,1713988800,4.9,19.843,Scattered clouds,802,c02d,SW,southwest,226,6.17,6.17
13.6,68,0,100,0,2024-04-24:21,0.9,92.76,770.73,470.72,428.8,d,15,0.14583333,1014.5,42,1014.6,0,0,139.832,13.6,2024-04-24T17:00:00,2024-04-24T21:00:00,1713992400,0.8,24.128,Scattered clouds,802,c02d,SW,southwest,235,6.17,6.17
12.8,64,0,100,0,2024-04-24:22,0.6,73.56,643.33,271.47,428.9,d,10,0.09722223,1015.2,43,1015.3,0,0,100.70693,12.8,2024-04-24T18:00:00,2024-04-24T22:00:00,1713996000,2.2,24.128,Scattered clouds,802,c02d,WSW,west-southwest,250,6.17,6.17
12.1,60,0,100,0,2024-04-24:23,0.2,43.25,383.18,82.9,429.1,d,20,0.048611116,1015.8,44,1016.0,0,0,51.53998,12.1,2024-04-24T19:00:00,2024-04-24T23:00:00,1713999600,1.8,24.128,Scattered clouds,802,c02d,W,west,266,5.66,5.66
11.5,56,0,100,0,2024-04-25:00,-0.3,0.0,0.0,0.0,429.3,n,0,0.0,1016.5,44,1016.6,0,0,0.0,11.5,2024-04-24T20:00:00,2024-04-25T00:00:00,1714003200,0.0,24.128,Scattered clouds,802,c02n,WSW,west-southwest,242,5.66,5.66
