app_temp,clouds,clouds_hi,clouds_low,clouds_mid,datetime,dewpt,dhi,dni,ghi,ozone,pod,pop,precip,pres,rh,slp,snow,snow_depth,solar_rad,temp,timestamp_local,timestamp_utc,ts,uv,vis,weather.icon,weather.description,weather.code,wind_cdir,wind_cdir_full,wind_dir,wind_gust_spd,wind_spd
18.8,6,0,0,0,2024-04-09:01,8.5,0.0,0.0,0.0,389.8,n,0,0.0,988.0,49,1011.8,0,0,0.0,19.5,2024-04-08T20:00:00,2024-04-09T01:00:00,1712624400,0.0,40.48,c02n,Few clouds,801,S,south,190,4.8,3.2
16.3,17,0,0,0,2024-04-09:02,6.1,0.0,0.0,0.0,395.5,n,0,0.0,989.5,51,1013.4,0,0,0.0,16.3,2024-04-08T21:00:00,2024-04-09T02:00:00,1712628000,0.0,37.088,c02n,Few clouds,801,S,south,190,6.0,4.0
15.5,53,5,0,0,2024-04-09:03,5.4,0.0,0.0,0.0,400.3,n,0,0.0,989.0,51,1012.9,0,0,0.0,15.5,2024-04-08T22:00:00,2024-04-09T03:00:00,1712631600,0.0,0.465,c03n,Broken clouds,803,S,south,190,6.0,4.0
14.7,20,0,0,0,2024-04-09:04,5.2,0.0,0.0,0.0,399.3,n,0,0.0,989.0,53,1013.0,0,0,0.0,14.7,2024-04-08T23:00:00,2024-04-09T04:00:00,1712635200,0.0,43.072,c02n,Few clouds,801,S,south,190,6.0,4.0
14.0,53,2,100,100,2024-04-09:05,5.3,0.0,0.0,0.0,403.8,n,0,0.0,988.5,56,1012.5,0,0,0.0,14.0,2024-04-09T00:00:00,2024-04-09T05:00:00,1712638800,0.0,37.888,c03n,Broken clouds,803,S,south,190,5.2,3.6
13.6,71,0,100,100,2024-04-09:06,5.5,0.0,0.0,0.0,406.8,n,0,0.0,988.0,58,1011.9,0,0,0.0,13.6,2024-04-09T01:00:00,2024-04-09T06:00:00,1712642400,0.0,37.6,c04n,Overcast clouds,804,S,south,190,4.4,3.2
13.2,53,0,100,1,2024-04-09:07,5.8,0.0,0.0,0.0,405.8,n,0,0.0,988.5,61,1012.4,0,0,0.0,13.2,2024-04-09T02:00:00,2024-04-09T07:00:00,1712646000,0.0,34.976,c03n,Broken clouds,803,SSW,south-southwest,210,3.6,2.4
12.6,54,0,72,4,2024-04-09:08,6.0,0.0,0.0,0.0,400.0,n,0,0.0,987.5,64,1011.5,0,0,0.0,12.6,2024-04-09T03:00:00,2024-04-09T08:00:00,1712649600,0.0,30.096,c03n,Broken clouds,803,SSW,south-southwest,200,3.6,2.4
12.1,44,0,84,6,2024-04-09:09,6.2,0.0,0.0,0.0,387.5,n,0,0.0,987.0,67,1011.0,0,0,0.0,12.1,2024-04-09T04:00:00,2024-04-09T09:00:00,1712653200,0.0,28.096,c03n,Broken clouds,803,SW,southwest,220,3.2,2.4
11.1,26,0,0,0,2024-04-09:10,5.8,0.0,0.0,0.0,385.8,n,0,0.0,987.0,70,1011.2,0,0,0.0,11.1,2024-04-09T05:00:00,2024-04-09T10:00:00,1712656800,0.0,22.992,c02n,Scattered clouds,802,SW,southwest,230,3.6,2.4
10.8,15,0,0,0,2024-04-09:11,6.1,0.0,0.0,0.0,384.3,n,0,0.0,987.0,73,1011.3,0,0,0.0,10.8,2024-04-09T06:00:00,2024-04-09T11:00:00,1712660400,0.0,21.2,c02n,Few clouds,801,WSW,west-southwest,240,3.6,2.4
10.4,39,0,0,0,2024-04-09:12,6.4,40.58,359.5,72.18,390.5,d,0,0.0,987.5,76,1011.8,0,0,72.18,10.4,2024-04-09T07:00:00,2024-04-09T12:00:00,1712664000,1.0,24.992,c02d,Scattered clouds,802,WSW,west-southwest,250,4.0,2.8
11.8,35,82,1,0,2024-04-09:13,6.3,71.97,637.21,258.03,388.5,d,0,0.0,988.0,69,1012.1,0,0,256.9686,11.8,2024-04-09T08:00:00,2024-04-09T13:00:00,1712667600,1.3,28.896,c02d,Scattered clouds,802,W,west,260,5.2,3.2
12.7,57,33,1,0,2024-04-09:14,5.8,91.24,768.27,452.55,388.3,d,0,0.0,989.0,63,1013.1,0,0,452.46567,12.7,2024-04-09T09:00:00,2024-04-09T14:00:00,1712671200,1.6,28.592,c03d,Broken clouds,803,W,west,270,6.4,4.4
13.8,64,9,1,0,2024-04-09:15,5.7,104.17,842.92,626.67,386.5,d,0,0.0,989.5,58,1013.6,0,0,626.6686,13.8,2024-04-09T10:00:00,2024-04-09T15:00:00,1712674800,2.3,35.68,c03d,Broken clouds,803,W,west,270,7.2,4.8
14.8,40,62,0,0,2024-04-09:16,5.3,112.58,886.67,761.81,386.8,d,0,0.0,990.0,53,1014.0,0,0,760.5988,14.8,2024-04-09T11:00:00,2024-04-09T16:00:00,1712678400,4.2,37.792,c02d,Scattered clouds,802,W,west,270,7.2,4.8
15.6,34,100,2,0,2024-04-09:17,4.9,117.25,909.52,845.13,386.5,d,0,0.0,990.0,49,1014.0,0,0,838.3041,15.6,2024-04-09T12:00:00,2024-04-09T17:00:00,1712682000,5.4,34.784,c02d,Scattered clouds,802,W,west,270,7.4,4.8
15.9,35,27,1,0,2024-04-09:18,4.3,118.53,915.61,869.07,386.5,d,0,0.0,990.0,46,1013.9,0,0,868.98816,15.9,2024-04-09T13:00:00,2024-04-09T18:00:00,1712685600,5.7,35.68,c02d,Scattered clouds,802,W,west,270,7.6,5.2
16.6,20,0,24,0,2024-04-09:19,4.3,116.51,905.96,831.52,385.0,d,0,0.0,989.5,44,1013.4,0,0,825.6744,16.6,2024-04-09T14:00:00,2024-04-09T19:00:00,1712689200,5.9,35.072,c02d,Few clouds,801,W,west,270,7.1,4.8
16.8,23,15,32,0,2024-04-09:20,4.2,111.05,878.97,735.85,382.3,d,0,0.0,990.5,43,1014.4,0,0,722.0924,16.8,2024-04-09T15:00:00,2024-04-09T20:00:00,1712692800,4.6,35.392,c02d,Scattered clouds,802,W,west,270,7.1,4.8
17.1,30,8,28,0,2024-04-09:21,4.1,101.73,829.56,590.84,384.8,d,0,0.0,990.0,42,1013.9,0,0,583.82465,17.1,2024-04-09T16:00:00,2024-04-09T21:00:00,1712696400,3.0,35.872,c02d,Scattered clouds,802,W,west,280,7.0,4.4
16.7,37,3,25,0,2024-04-09:22,3.7,87.63,745.64,410.54,387.3,d,0,0.0,990.5,42,1014.5,0,0,407.22415,16.7,2024-04-09T17:00:00,2024-04-09T22:00:00,1712700000,1.8,36.896,c02d,Scattered clouds,802,W,west,280,6.1,4.4
16.1,37,22,21,0,2024-04-09:23,3.9,66.49,594.96,215.06,387.8,d,0,0.0,990.5,44,1014.5,0,0,214.09982,16.1,2024-04-09T18:00:00,2024-04-09T23:00:00,1712703600,1.2,37.28,c02d,Scattered clouds,802,W,west,280,5.6,4.0
15.2,33,43,43,0,2024-04-10:00,4.0,30.23,249.08,38.69,389.8,d,0,0.0,991.5,47,1015.6,0,0,36.714695,15.2,2024-04-09T19:00:00,2024-04-10T00:00:00,1712707200,1.0,35.68,c02d,Scattered clouds,802,W,west,280,4.6,3.2
14.0,28,42,63,0,2024-04-10:01,4.0,0.0,0.0,0.0,388.5,n,0,0.0,992.0,51,1016.2,0,0,0.0,14.0,2024-04-09T20:00:00,2024-04-10T01:00:00,1712710800,0.0,32.496,c02n,Scattered clouds,802,W,west,280,3.6,2.4
13.1,19,25,0,60,2024-04-10:02,4.8,0.0,0.0,0.0,389.8,n,0,0.0,992.0,57,1016.4,0,0,0.0,13.1,2024-04-09T21:00:00,2024-04-10T02:00:00,1712714400,0.0,28.4,c02n,Few clouds,801,W,west,270,3.2,2.0
11.7,28,10,0,0,2024-04-10:03,4.5,0.0,0.0,0.0,391.8,n,0,0.0,991.5,61,1016.0,0,0,0.0,11.7,2024-04-09T22:00:00,2024-04-10T03:00:00,1712718000,0.0,24.496,c02n,Scattered clouds,802,WSW,west-southwest,250,2.4,1.6
11.1,23,94,0,0,2024-04-10:04,5.0,0.0,0.0,0.0,392.3,n,0,0.0,991.5,66,1016.1,0,0,0.0,11.1,2024-04-09T23:00:00,2024-04-10T04:00:00,1712721600,0.0,20.992,c02n,Scattered clouds,802,W,west,260,2.0,1.2
10.2,23,100,0,0,2024-04-10:05,4.7,0.0,0.0,0.0,394.3,n,0,0.0,991.0,69,1015.6,0,0,0.0,10.2,2024-04-10T00:00:00,2024-04-10T05:00:00,1712725200,0.0,19.088,c02n,Scattered clouds,802,W,west,260,1.6,1.2
9.4,23,100,2,0,2024-04-10:06,4.6,0.0,0.0,0.0,394.3,n,0,0.0,991.0,72,1015.7,0,0,0.0,9.4,2024-04-10T01:00:00,2024-04-10T06:00:00,1712728800,0.0,18.8,c02n,Scattered clouds,802,W,west,260,2.0,1.2
8.8,21,100,1,0,2024-04-10:07,4.5,0.0,0.0,0.0,394.5,n,0,0.0,991.0,74,1015.7,0,0,0.0,8.8,2024-04-10T02:00:00,2024-04-10T07:00:00,1712732400,0.0,19.088,c02n,Scattered clouds,802,WSW,west-southwest,250,1.6,1.2
8.3,10,8,1,0,2024-04-10:08,4.1,0.0,0.0,0.0,393.3,n,0,0.0,991.0,75,1015.8,0,0,0.0,8.3,2024-04-10T03:00:00,2024-04-10T08:00:00,1712736000,0.0,17.792,c02n,Few clouds,801,SW,southwest,230,1.6,1.2
7.9,13,0,2,0,2024-04-10:09,4.1,0.0,0.0,0.0,395.5,n,0,0.0,990.5,77,1015.3,0,0,0.0,7.9,2024-04-10T04:00:00,2024-04-10T09:00:00,1712739600,0.0,16.688,c02n,Few clouds,801,SW,southwest,220,1.2,0.8
7.5,10,0,4,4,2024-04-10:10,4.1,0.0,0.0,0.0,395.8,n,0,0.0,990.0,79,1014.8,0,0,0.0,7.5,2024-04-10T05:00:00,2024-04-10T10:00:00,1712743200,0.0,16.0,c02n,Few clouds,801,SSW,south-southwest,210,1.6,1.2
7.5,32,0,4,100,2024-04-10:11,4.2,0.0,0.0,0.0,396.3,n,0,0.0,990.5,80,1015.4,0,0,0.0,7.5,2024-04-10T06:00:00,2024-04-10T11:00:00,1712746800,0.0,15.8,c02n,Scattered clouds,802,SW,southwest,223,1.33,0.93
7.3,31,0,4,26,2024-04-10:12,4.3,41.68,370.77,76.5,398.0,d,0,0.0,990.5,81,1015.3,0,0,75.79398,7.3,2024-04-10T07:00:00,2024-04-10T12:00:00,1712750400,1.1,16.0,c02d,Scattered clouds,802,SW,southwest,220,1.2,0.8
9.6,38,1,0,100,2024-04-10:13,5.0,72.55,641.5,263.09,397.3,d,0,0.0,990.0,73,1014.5,0,0,98.859,9.6,2024-04-10T08:00:00,2024-04-10T13:00:00,1712754000,1.2,20.688,c02d,Scattered clouds,802,SSW,south-southwest,200,1.73,1.2
11.8,45,0,1,0,2024-04-10:14,5.2,91.63,770.53,457.6,394.8,d,0,0.0,990.0,64,1014.2,0,0,457.59995,11.8,2024-04-10T09:00:00,2024-04-10T14:00:00,1712757600,1.8,24.992,c03d,Broken clouds,803,S,south,180,2.26,1.6
14.0,52,1,2,27,2024-04-10:15,5.4,104.45,844.29,631.48,392.3,d,0,0.0,990.5,56,1014.5,0,0,624.8542,14.0,2024-04-10T10:00:00,2024-04-10T15:00:00,1712761200,2.7,29.696,c03d,Broken clouds,803,SSE,south-southeast,160,2.8,2.0
15.4,57,100,2,1,2024-04-10:16,5.3,112.8,887.58,766.31,393.3,d,0,0.0,990.5,51,1014.4,0,0,760.12067,15.4,2024-04-10T11:00:00,2024-04-10T16:00:00,1712764800,3.6,36.096,c03d,Broken clouds,803,SSE,south-southeast,156,3.1,2.13
16.7,61,100,0,0,2024-04-10:17,5.0,117.43,910.19,849.29,394.0,d,0,0.0,990.0,46,1013.7,0,0,842.4304,16.7,2024-04-10T12:00:00,2024-04-10T17:00:00,1712768400,4.1,44.8,c03d,Broken clouds,803,SSE,south-southeast,153,3.4,2.26
18.0,66,100,6,0,2024-04-10:18,4.6,118.69,916.17,872.93,385.5,d,0,0.0,989.0,41,1012.6,0,0,865.8795,18.0,2024-04-10T13:00:00,2024-04-10T18:00:00,1712772000,4.1,0.483,c03d,Broken clouds,803,SSE,south-southeast,150,3.7,2.4
18.1,69,15,0,88,2024-04-10:19,4.3,116.67,906.52,835.15,378.0,d,0,0.0,985.5,40,1009.2,0,0,625.8352,18.1,2024-04-10T14:00:00,2024-04-10T19:00:00,1712775600,3.6,24.128,c03d,Broken clouds,803,SE,southeast,126,4.1,2.8
18.2,71,27,0,100,2024-04-10:20,4.0,111.22,879.63,739.33,377.0,d,0,0.0,985.0,39,1008.6,0,0,528.36694,18.2,2024-04-10T15:00:00,2024-04-10T20:00:00,1712779200,2.8,24.128,c04d,Overcast clouds,804,ESE,east-southeast,103,4.5,3.2
18.2,74,100,0,82,2024-04-10:21,3.7,101.93,830.51,594.24,374.3,d,0,0.0,984.0,38,1007.6,0,0,402.1113,18.2,2024-04-10T16:00:00,2024-04-10T21:00:00,1712782800,1.9,24.128,c04d,Overcast clouds,804,E,east,80,4.9,3.6
17.3,79,100,0,100,2024-04-10:22,3.6,87.9,747.24,413.91,373.8,d,0,0.0,983.5,40,1007.2,0,0,246.76994,17.3,2024-04-10T17:00:00,2024-04-10T22:00:00,1712786400,1.1,24.128,c04d,Overcast clouds,804,ENE,east-northeast,76,4.66,3.46
16.4,84,100,0,100,2024-04-10:23,3.8,66.91,598.22,218.32,374.0,d,0,0.0,983.5,43,1007.3,0,0,109.706055,16.4,2024-04-10T18:00:00,2024-04-10T23:00:00,1712790000,0.7,24.128,c04d,Overcast clouds,804,ENE,east-northeast,73,4.43,3.33
15.5,89,100,0,100,2024-04-11:00,3.6,31.14,259.14,41.2,371.5,d,0,0.0,982.5,45,1006.4,0,0,47.390274,15.5,2024-04-10T19:00:00,2024-04-11T00:00:00,1712793600,0.5,24.128,c04d,Overcast clouds,804,ENE,east-northeast,70,4.2,3.2
14.4,90,100,32,100,2024-04-11:01,3.6,0.0,0.0,0.0,370.5,n,10,0.08,982.0,48,1005.9,0,0,0.0,14.4,2024-04-10T20:00:00,2024-04-11T01:00:00,1712797200,0.0,24.128,c04n,Overcast clouds,804,ENE,east-northeast,66,4.26,3.06
13.4,91,100,89,100,2024-04-11:02,3.5,0.0,0.0,0.0,366.8,n,20,0.16,981.5,51,1005.4,0,0,0.0,13.4,2024-04-10T21:00:00,2024-04-11T02:00:00,1712800800,0.0,24.128,c04n,Overcast clouds,804,ENE,east-northeast,63,4.33,2.93
12.3,92,100,98,100,2024-04-11:03,3.3,0.0,0.0,0.0,366.8,n,25,0.25,981.0,54,1004.9,0,0,0.0,12.3,2024-04-10T22:00:00,2024-04-11T03:00:00,1712804400,0.0,24.128,c04n,Overcast clouds,804,ENE,east-northeast,60,4.4,2.8
11.8,91,100,100,100,2024-04-11:04,3.6,0.0,0.0,0.0,364.8,n,25,0.25,980.5,57,1004.4,0,0,0.0,11.8,2024-04-10T23:00:00,2024-04-11T04:00:00,1712808000,0.0,24.128,c04n,Overcast clouds,804,NE,northeast,56,4.66,2.93
11.3,91,100,100,100,2024-04-11:05,4.0,0.0,0.0,0.0,363.3,n,25,0.25,980.0,61,1004.0,0,0,0.0,11.3,2024-04-11T00:00:00,2024-04-11T05:00:00,1712811600,0.0,24.128,c04n,Overcast clouds,804,NE,northeast,53,4.93,3.06
10.7,90,100,100,100,2024-04-11:06,4.2,0.0,0.0,0.0,358.5,n,25,0.25,978.5,64,1002.5,0,0,0.0,10.7,2024-04-11T01:00:00,2024-04-11T06:00:00,1712815200,0.0,24.128,c04n,Overcast clouds,804,NE,northeast,50,5.2,3.2
10.5,91,100,100,100,2024-04-11:07,4.6,0.0,0.0,0.0,350.5,n,25,0.25,977.5,67,1001.6,0,0,0.0,10.5,2024-04-11T02:00:00,2024-04-11T07:00:00,1712818800,0.0,24.128,c04n,Overcast clouds,804,NE,northeast,43,5.73,3.6
10.2,92,100,100,100,2024-04-11:08,4.8,0.0,0.0,0.0,348.3,n,25,0.25,976.0,69,1000.0,0,0,0.0,10.2,2024-04-11T03:00:00,2024-04-11T08:00:00,1712822400,0.0,24.128,c04n,Overcast clouds,804,NE,northeast,36,6.26,4.0
9.9,93,90,100,100,2024-04-11:09,5.1,0.0,0.0,0.0,346.5,n,25,0.25,975.0,72,999.0,0,0,0.0,9.9,2024-04-11T04:00:00,2024-04-11T09:00:00,1712826000,0.0,13.872,c04n,Overcast clouds,804,NNE,north-northeast,30,6.8,4.4
9.7,94,99,100,100,2024-04-11:10,5.3,0.0,0.0,0.0,346.0,n,40,0.5,974.5,74,998.6,0,0,0.0,9.7,2024-04-11T05:00:00,2024-04-11T10:00:00,1712829600,0.0,16.384,c04n,Overcast clouds,804,NNE,north-northeast,26,7.86,5.2
9.5,94,100,100,100,2024-04-11:11,5.5,0.0,0.0,0.0,343.0,n,50,0.75,974.0,76,998.1,0,0,0.0,9.5,2024-04-11T06:00:00,2024-04-11T11:00:00,1712833200,0.0,24.096,d02n,Drizzle,301,NNE,north-northeast,23,8.93,6.0
9.3,95,100,100,100,2024-04-11:12,5.7,42.74,381.56,80.83,347.8,d,55,1.01,974.0,78,998.1,0,0,58.14846,9.3,2024-04-11T07:00:00,2024-04-11T12:00:00,1712836800,0.5,16.16,r04d,Light shower rain,520,NNE,north-northeast,20,10.0,6.8
9.7,94,100,100,100,2024-04-11:13,5.9,73.12,645.66,268.1,354.3,d,55,0.92,973.5,77,997.6,0,0,143.36423,9.7,2024-04-11T08:00:00,2024-04-11T13:00:00,1712840400,0.6,5.34,d02d,Drizzle,301,NNE,north-northeast,16,10.93,7.33
10.2,94,100,100,100,2024-04-11:14,6.3,92.01,772.72,462.59,355.3,d,55,0.84,973.0,77,997.1,0,0,129.37628,10.2,2024-04-11T09:00:00,2024-04-11T14:00:00,1712844000,1.0,7.052,d02d,Drizzle,301,NNE,north-northeast,13,11.86,7.86
10.6,93,100,100,100,2024-04-11:15,6.5,104.73,845.62,636.23,356.8,d,50,0.76,972.5,76,996.6,0,0,188.82721,10.6,2024-04-11T10:00:00,2024-04-11T15:00:00,1712847600,1.5,7.488,d02d,Drizzle,301,N,north,10,12.8,8.4
11.0,91,100,100,100,2024-04-11:16,6.6,113.01,888.46,770.73,358.3,d,45,0.67,971.5,74,995.6,0,0,267.3621,11.0,2024-04-11T11:00:00,2024-04-11T16:00:00,1712851200,2.2,7.112,d02d,Drizzle,301,ESE,east-southeast,123,13.33,8.8
11.5,89,79,100,100,2024-04-11:17,6.6,117.61,910.83,853.38,361.3,d,45,0.58,971.5,72,995.6,0,0,336.5937,11.5,2024-04-11T12:00:00,2024-04-11T17:00:00,1712854800,2.8,5.996,d02d,Drizzle,301,SW,southwest,236,13.86,9.2
12.0,87,99,100,100,2024-04-11:18,6.7,118.85,916.71,876.73,361.0,d,40,0.5,971.0,70,995.1,0,0,385.28622,12.0,2024-04-11T13:00:00,2024-04-11T18:00:00,1712858400,3.0,6.436,c04d,Overcast clouds,804,NNW,north-northwest,350,14.4,9.6
11.9,86,100,100,100,2024-04-11:19,6.7,116.82,907.05,838.72,357.0,d,45,0.58,971.0,70,995.0,0,0,392.7507,11.9,2024-04-11T14:00:00,2024-04-11T19:00:00,1712862000,2.9,14.616,d02d,Drizzle,301,NNW,north-northwest,343,15.06,10.0
11.9,84,100,100,100,2024-04-11:20,6.6,111.38,880.28,742.76,355.5,d,45,0.67,970.5,70,994.4,0,0,368.2787,11.9,2024-04-11T15:00:00,2024-04-11T20:00:00,1712865600,2.3,19.136,d02d,Drizzle,301,NNW,north-northwest,336,15.73,10.4
11.9,83,100,100,100,2024-04-11:21,6.6,102.13,831.44,597.6,360.0,d,50,0.76,970.0,70,993.9,0,0,312.1575,11.9,2024-04-11T16:00:00,2024-04-11T21:00:00,1712869200,1.7,24.112,d02d,Drizzle,301,NNW,north-northwest,330,16.4,10.8
11.4,82,100,100,100,2024-04-11:22,6.1,88.16,748.81,417.25,363.0,d,45,0.67,971.0,70,994.9,0,0,223.36847,11.4,2024-04-11T17:00:00,2024-04-11T22:00:00,1712872800,1.1,24.128,d02d,Drizzle,301,NW,northwest,326,16.66,11.06
10.9,82,100,100,100,2024-04-11:23,5.7,67.32,601.42,221.58,367.0,d,45,0.58,971.5,70,995.4,0,0,121.44061,10.9,2024-04-11T18:00:00,2024-04-11T23:00:00,1712876400,0.7,24.096,d02d,Drizzle,301,NW,northwest,323,16.93,11.33
10.4,81,100,100,100,2024-04-12:00,5.2,32.03,268.92,43.74,367.8,d,40,0.5,971.5,70,995.5,0,0,56.540398,10.4,2024-04-11T19:00:00,2024-04-12T00:00:00,1712880000,0.6,24.128,c04d,Overcast clouds,804,NW,northwest,320,17.2,11.6
10.0,81,100,100,100,2024-04-12:01,5.2,0.0,0.0,0.0,368.5,n,40,0.5,972.0,72,996.0,0,0,0.0,10.0,2024-04-11T20:00:00,2024-04-12T01:00:00,1712883600,0.0,24.128,c04n,Overcast clouds,804,NW,northwest,316,16.96,11.33
9.6,82,100,100,100,2024-04-12:02,5.2,0.0,0.0,0.0,371.0,n,40,0.5,972.5,74,996.5,0,0,0.0,9.6,2024-04-11T21:00:00,2024-04-12T02:00:00,1712887200,0.0,24.128,c04n,Overcast clouds,804,NW,northwest,313,16.73,11.06
9.2,82,100,100,100,2024-04-12:03,5.2,0.0,0.0,0.0,374.8,n,40,0.5,972.5,76,996.5,0,0,0.0,9.2,2024-04-11T22:00:00,2024-04-12T03:00:00,1712890800,0.0,7.668,c04n,Overcast clouds,804,NW,northwest,310,16.5,10.8
9.0,80,100,100,100,2024-04-12:04,5.2,0.0,0.0,0.0,379.0,n,35,0.41,972.5,77,996.5,0,0,0.0,9.0,2024-04-11T23:00:00,2024-04-12T04:00:00,1712894400,0.0,8.376,c04n,Overcast clouds,804,NW,northwest,306,15.86,10.4
8.8,78,100,100,100,2024-04-12:05,5.0,0.0,0.0,0.0,384.5,n,30,0.33,972.5,77,996.6,0,0,0.0,8.8,2024-04-12T00:00:00,2024-04-12T05:00:00,1712898000,0.0,11.208,c04n,Overcast clouds,804,WNW,west-northwest,303,15.23,10.0
8.7,76,100,100,100,2024-04-12:06,5.1,0.0,0.0,0.0,391.8,n,25,0.25,972.5,78,996.6,0,0,0.0,8.7,2024-04-12T01:00:00,2024-04-12T06:00:00,1712901600,0.0,19.52,c04n,Overcast clouds,804,WNW,west-northwest,300,14.6,9.6
8.5,76,100,100,100,2024-04-12:07,4.9,0.0,0.0,0.0,396.3,n,25,0.25,973.0,78,997.1,0,0,0.0,8.5,2024-04-12T02:00:00,2024-04-12T07:00:00,1712905200,0.0,23.936,c04n,Overcast clouds,804,WNW,west-northwest,300,14.4,9.46
8.3,75,100,100,100,2024-04-12:08,4.7,0.0,0.0,0.0,399.0,n,25,0.25,973.5,78,997.7,0,0,0.0,8.3,2024-04-12T03:00:00,2024-04-12T08:00:00,1712908800,0.0,24.128,c04n,Overcast clouds,804,WNW,west-northwest,300,14.2,9.33
8.2,74,100,100,100,2024-04-12:09,4.6,0.0,0.0,0.0,399.8,n,25,0.25,974.5,78,998.7,0,0,0.0,8.2,2024-04-12T04:00:00,2024-04-12T09:00:00,1712912400,0.0,12.928,c04n,Overcast clouds,804,WNW,west-northwest,300,14.0,9.2
8.0,74,100,100,100,2024-04-12:10,4.2,0.0,0.0,0.0,402.3,n,25,0.25,976.0,77,1000.3,0,0,0.0,8.0,2024-04-12T05:00:00,2024-04-12T10:00:00,1712916000,0.0,24.128,c04n,Overcast clouds,804,WNW,west-northwest,300,13.8,9.06
7.9,74,97,100,100,2024-04-12:11,4.1,0.0,0.0,0.0,404.0,n,25,0.25,977.5,77,1001.8,0,0,0.0,7.9,2024-04-12T06:00:00,2024-04-12T11:00:00,1712919600,0.0,24.128,c04n,Overcast clouds,804,WNW,west-northwest,300,13.6,8.93
7.7,73,46,62,100,2024-04-12:12,3.9,43.78,391.92,85.16,406.3,d,25,0.25,979.0,77,1003.4,0,0,58.87089,7.7,2024-04-12T07:00:00,2024-04-12T12:00:00,1712923200,0.7,24.128,c04d,Overcast clouds,804,WNW,west-northwest,300,13.4,8.8
8.4,70,5,86,14,2024-04-12:13,4.0,73.67,649.69,273.06,408.8,d,20,0.2,980.0,74,1004.4,0,0,198.21994,8.4,2024-04-12T08:00:00,2024-04-12T13:00:00,1712926800,0.9,24.128,c04d,Overcast clouds,804,WNW,west-northwest,300,13.71,9.01
9.0,68,0,100,19,2024-04-12:14,4.1,92.38,774.85,467.51,409.8,d,20,0.16,981.0,71,1005.4,0,0,354.1229,9.0,2024-04-12T09:00:00,2024-04-12T14:00:00,1712930400,1.4,24.128,c03d,Broken clouds,803,WNW,west-northwest,300,14.03,9.22
9.7,66,0,100,0,2024-04-12:15,4.1,105.0,846.91,640.89,413.5,d,15,0.12,982.0,68,1006.4,0,0,504.0395,9.7,2024-04-12T10:00:00,2024-04-12T15:00:00,1712934000,2.3,24.128,c03d,Broken clouds,803,WNW,west-northwest,300,14.35,9.43
10.4,63,0,80,0,2024-04-12:16,3.9,113.22,889.32,775.07,420.0,d,10,0.08,983.0,64,1007.4,0,0,630.0789,10.4,2024-04-12T11:00:00,2024-04-12T16:00:00,1712937600,3.4,24.128,c03d,Broken clouds,803,WNW,west-northwest,300,14.66,9.64
11.0,60,0,100,0,2024-04-12:17,3.8,117.78,911.45,857.39,426.0,d,20,0.04,983.5,61,1007.8,0,0,717.628,11.0,2024-04-12T12:00:00,2024-04-12T17:00:00,1712941200,4.2,24.128,c03d,Broken clouds,803,WNW,west-northwest,300,14.98,9.85
11.7,58,0,100,0,2024-04-12:18,3.7,119.0,917.22,880.45,437.0,d,0,0.0,984.0,58,1008.3,0,0,756.1124,11.7,2024-04-12T13:00:00,2024-04-12T18:00:00,1712944800,4.6,24.128,c03d,Broken clouds,803,WNW,west-northwest,300,15.3,10.07
11.8,52,0,67,0,2024-04-12:19,3.3,116.97,907.56,842.22,442.8,d,0,0.0,984.5,56,1008.7,0,0,761.9796,11.8,2024-04-12T14:00:00,2024-04-12T19:00:00,1712948400,4.5,24.128,c03d,Broken clouds,803,WNW,west-northwest,300,15.15,10.03
11.9,45,0,18,0,2024-04-12:20,2.9,111.54,880.9,746.12,434.8,d,0,0.0,985.0,54,1009.2,0,0,700.5412,11.9,2024-04-12T15:00:00,2024-04-12T20:00:00,1712952000,3.8,24.128,c03d,Broken clouds,803,WNW,west-northwest,300,15.0,10.0
12.0,39,0,5,0,2024-04-12:21,2.5,102.32,832.34,600.91,424.0,d,0,0.0,985.5,52,1009.6,0,0,578.89734,12.0,2024-04-12T16:00:00,2024-04-12T21:00:00,1712955600,2.8,24.128,c02d,Scattered clouds,802,WNW,west-northwest,300,14.85,9.97
12.1,33,0,5,0,2024-04-12:22,2.3,88.42,750.34,420.55,415.5,d,0,0.0,986.0,51,1010.1,0,0,412.12216,12.1,2024-04-12T17:00:00,2024-04-12T22:00:00,1712959200,1.9,24.128,c02d,Scattered clouds,802,WNW,west-northwest,300,14.7,9.93
12.2,26,0,5,0,2024-04-12:23,1.8,67.72,604.55,224.81,405.3,d,0,0.0,986.5,49,1010.6,0,0,222.64433,12.2,2024-04-12T18:00:00,2024-04-12T23:00:00,1712962800,1.3,24.128,c02d,Scattered clouds,802,WNW,west-northwest,300,14.55,9.9
12.3,20,0,5,0,2024-04-13:00,1.3,32.9,278.41,46.31,401.0,d,0,0.0,987.5,47,1011.8,0,0,46.13485,12.3,2024-04-12T19:00:00,2024-04-13T00:00:00,1712966400,1.1,24.128,c02d,Few clouds,801,WNW,west-northwest,300,14.4,9.87
11.6,18,0,4,0,2024-04-13:01,1.3,0.0,0.0,0.0,395.8,n,0,0.0,988.5,49,1012.9,0,0,0.0,11.6,2024-04-12T20:00:00,2024-04-13T01:00:00,1712970000,0.0,24.128,c02n,Few clouds,801,WNW,west-northwest,298,13.65,9.3
11.0,15,0,0,0,2024-04-13:02,1.0,0.0,0.0,0.0,392.8,n,0,0.0,989.5,50,1014.0,0,0,0.0,11.0,2024-04-12T21:00:00,2024-04-13T02:00:00,1712973600,0.0,24.128,c02n,Few clouds,801,WNW,west-northwest,296,12.9,8.73
10.3,12,0,0,0,2024-04-13:03,0.9,0.0,0.0,0.0,388.5,n,0,0.0,990.0,52,1014.5,0,0,0.0,10.3,2024-04-12T22:00:00,2024-04-13T03:00:00,1712977200,0.0,24.128,c02n,Few clouds,801,WNW,west-northwest,295,12.15,8.17
9.7,10,0,0,0,2024-04-13:04,0.8,0.0,0.0,0.0,382.3,n,0,0.0,990.5,54,1015.1,0,0,0.0,9.7,2024-04-12T23:00:00,2024-04-13T04:00:00,1712980800,0.0,24.128,c02n,Few clouds,801,WNW,west-northwest,293,11.4,7.6
9.1,8,0,0,0,2024-04-13:05,0.5,0.0,0.0,0.0,380.3,n,0,0.0,990.5,55,1015.1,0,0,0.0,9.1,2024-04-13T00:00:00,2024-04-13T05:00:00,1712984400,0.0,24.128,c02n,Few clouds,801,WNW,west-northwest,291,10.65,7.03
8.4,5,0,0,0,2024-04-13:06,0.4,0.0,0.0,0.0,383.5,n,0,0.0,991.0,57,1015.7,0,0,0.0,8.4,2024-04-13T01:00:00,2024-04-13T06:00:00,1712988000,0.0,24.128,c02n,Few clouds,801,WNW,west-northwest,290,9.9,6.47
8.1,6,0,0,0,2024-04-13:07,0.3,0.0,0.0,0.0,385.8,n,0,0.0,991.0,58,1015.7,0,0,0.0,8.1,2024-04-13T02:00:00,2024-04-13T07:00:00,1712991600,0.0,24.128,c02n,Few clouds,801,WNW,west-northwest,288,9.45,6.21
7.8,7,0,0,0,2024-04-13:08,0.5,0.0,0.0,0.0,387.5,n,0,0.0,991.5,60,1016.2,0,0,0.0,7.8,2024-04-13T03:00:00,2024-04-13T08:00:00,1712995200,0.0,24.128,c02n,Few clouds,801,WNW,west-northwest,286,9.0,5.95
7.5,8,0,0,0,2024-04-13:09,0.7,0.0,0.0,0.0,387.8,n,0,0.0,991.5,62,1016.3,0,0,0.0,7.5,2024-04-13T04:00:00,2024-04-13T09:00:00,1712998800,0.0,24.128,c02n,Few clouds,801,WNW,west-northwest,285,8.55,5.69
3.9,8,0,0,0,2024-04-13:10,0.6,0.0,0.0,0.0,389.3,n,0,0.0,991.5,63,1016.3,0,0,0.0,7.2,2024-04-13T05:00:00,2024-04-13T10:00:00,1713002400,0.0,24.128,c02n,Few clouds,801,WNW,west-northwest,283,8.1,5.43
3.6,9,0,4,1,2024-04-13:11,0.5,0.0,0.0,0.0,391.0,n,0,0.0,991.5,64,1016.3,0,0,0.0,6.8,2024-04-13T06:00:00,2024-04-13T11:00:00,1713006000,0.0,24.128,c02n,Few clouds,801,W,west,281,7.65,5.17
3.3,10,0,5,4,2024-04-13:12,0.7,44.77,401.85,89.48,390.5,d,0,0.0,991.5,66,1016.3,0,0,89.447945,6.5,2024-04-13T07:00:00,2024-04-13T12:00:00,1713009600,1.3,24.128,c02d,Few clouds,801,W,west,280,7.2,4.92
8.2,10,0,3,4,2024-04-13:13,1.4,74.21,653.59,277.97,390.1,d,0,0.0,991.3,62,1015.9,0,0,277.85245,8.2,2024-04-13T08:00:00,2024-04-13T13:00:00,1713013200,1.6,24.128,c02d,Few clouds,801,W,west,273,7.5,5.07
9.8,11,0,2,5,2024-04-13:14,2.0,92.74,776.92,472.36,389.7,d,0,0.0,991.2,58,1015.6,0,0,472.12598,9.8,2024-04-13T09:00:00,2024-04-13T14:00:00,1713016800,2.6,24.128,c02d,Few clouds,801,W,west,266,7.8,5.23
11.5,12,0,0,5,2024-04-13:15,2.5,105.26,848.15,645.48,389.3,d,0,0.0,991.0,54,1015.2,0,0,645.10803,11.5,2024-04-13T10:00:00,2024-04-13T15:00:00,1713020400,4.0,24.128,c02d,Few clouds,801,W,west,260,8.1,5.39
13.2,12,2,0,23,2024-04-13:16,2.7,113.43,890.14,779.33,388.8,d,0,0.0,990.0,49,1014.1,0,0,778.811,13.2,2024-04-13T11:00:00,2024-04-13T16:00:00,1713024000,5.6,24.128,c02d,Few clouds,801,WSW,west-southwest,253,8.4,5.55
14.8,12,3,0,42,2024-04-13:17,3.0,117.95,912.05,861.32,388.4,d,0,0.0,989.0,45,1012.9,0,0,860.6628,14.8,2024-04-13T12:00:00,2024-04-13T17:00:00,1713027600,6.7,24.128,c02d,Few clouds,801,WSW,west-southwest,246,8.7,5.71
16.5,13,5,0,60,2024-04-13:18,3.2,119.15,917.71,884.1,388.0,d,0,0.0,988.0,41,1011.8,0,0,883.327,16.5,2024-04-13T13:00:00,2024-04-13T18:00:00,1713031200,7.0,24.128,c02d,Few clouds,801,WSW,west-southwest,240,9.0,5.87
16.5,18,3,15,42,2024-04-13:19,3.6,117.11,908.05,845.66,386.3,d,0,0.0,986.7,42,1010.4,0,0,843.6287,16.5,2024-04-13T14:00:00,2024-04-13T19:00:00,1713034800,6.2,24.128,c02d,Few clouds,801,SW,southwest,233,8.98,5.85
16.5,22,2,31,23,2024-04-13:20,3.9,111.7,881.5,749.44,384.7,d,0,0.0,985.3,43,1009.1,0,0,745.5206,16.5,2024-04-13T15:00:00,2024-04-13T20:00:00,1713038400,4.8,24.128,c02d,Scattered clouds,802,SW,southwest,226,8.96,5.84
16.6,26,0,46,5,2024-04-13:21,4.3,102.51,833.22,604.18,383.0,d,0,0.0,984.0,44,1007.7,0,0,598.23096,16.6,2024-04-13T16:00:00,2024-04-13T21:00:00,1713042000,3.2,24.128,c02d,Scattered clouds,802,SW,southwest,220,8.95,5.83
16.6,31,18,64,36,2024-04-13:22,4.9,88.68,751.83,423.82,381.1,d,0,0.0,982.8,46,1006.5,0,0,416.707,16.6,2024-04-13T17:00:00,2024-04-13T22:00:00,1713045600,1.9,24.128,c02d,Scattered clouds,802,SSW,south-southwest,213,8.93,5.82
16.6,36,35,82,67,2024-04-13:23,5.2,68.12,607.62,228.02,379.2,d,0,0.0,981.7,47,1005.3,0,0,221.95276,16.6,2024-04-13T18:00:00,2024-04-13T23:00:00,1713049200,1.2,24.128,c02d,Scattered clouds,802,SSW,south-southwest,206,8.91,5.81
16.6,40,53,100,98,2024-04-14:00,5.6,33.75,287.63,48.89,377.3,d,0,0.0,980.5,48,1004.1,0,0,46.93806,16.6,2024-04-13T19:00:00,2024-04-14T00:00:00,1713052800,1.0,24.128,c02d,Scattered clouds,802,SSW,south-southwest,200,8.9,5.8
15.2,57,37,100,80,2024-04-14:01,2.7,0.0,0.0,0.0,378.1,n,20,0.034722224,980.0,43,1003.6,0,0,0.0,15.2,2024-04-13T20:00:00,2024-04-14T01:00:00,1713056400,0.0,23.989,c02n,Scattered clouds,802,S,south,173,13.04,4.63
14.1,56,22,100,63,2024-04-14:02,3.0,0.0,0.0,0.0,378.9,n,10,0.06944445,979.5,47,1003.1,0,0,0.0,14.1,2024-04-13T21:00:00,2024-04-14T02:00:00,1713060000,0.0,23.851,c02n,Scattered clouds,802,SSE,south-southeast,168,12.57,4.12
13.7,53,6,100,46,2024-04-14:03,2.9,0.0,0.0,0.0,379.8,n,10,0.104166664,979.0,48,1002.7,0,0,0.0,13.7,2024-04-13T22:00:00,2024-04-14T03:00:00,1713063600,0.0,23.712,c02n,Few clouds,801,SSE,south-southeast,167,12.11,4.12
13.3,53,27,100,32,2024-04-14:04,3.4,0.0,0.0,0.0,382.3,n,10,0.09722223,979.0,51,1002.7,0,0,0.0,13.3,2024-04-13T23:00:00,2024-04-14T04:00:00,1713067200,0.0,23.792,c02n,Few clouds,801,S,south,186,9.07,4.12
13.7,43,49,100,19,2024-04-14:05,4.3,0.0,0.0,0.0,384.9,n,10,0.09027778,979.0,53,1002.7,0,0,0.0,13.7,2024-04-14T00:00:00,2024-04-14T05:00:00,1713070800,0.0,23.872,c02n,Few clouds,801,SSW,south-southwest,200,6.04,4.63
13.0,42,71,100,5,2024-04-14:06,4.4,0.0,0.0,0.0,387.5,n,10,0.083333336,979.0,56,1002.8,0,0,0.0,13.0,2024-04-14T01:00:00,2024-04-14T06:00:00,1713074400,0.0,23.952,c02n,Few clouds,801,S,south,190,5.14,5.14
11.6,54,47,99,3,2024-04-14:07,4.3,0.0,0.0,0.0,393.6,n,10,0.09722223,979.5,61,1003.4,0,0,0.0,11.6,2024-04-14T02:00:00,2024-04-14T07:00:00,1713078000,0.0,22.864,c02n,Few clouds,801,SSW,south-southwest,192,4.63,4.63
11.1,58,24,97,2,2024-04-14:08,4.6,0.0,0.0,0.0,399.7,n,15,0.11111111,980.0,64,1004.0,0,0,0.0,11.1,2024-04-14T03:00:00,2024-04-14T08:00:00,1713081600,0.0,21.776,c02n,Few clouds,801,SSW,south-southwest,195,4.67,4.63
11.0,59,0,96,0,2024-04-14:09,4.7,0.0,0.0,0.0,405.8,n,15,0.125,980.5,65,1004.6,0,0,0.0,11.0,2024-04-14T04:00:00,2024-04-14T09:00:00,1713085200,0.0,20.688,c02n,Scattered clouds,802,SSW,south-southwest,203,5.5,4.63
11.1,63,0,85,0,2024-04-14:10,4.8,0.0,0.0,0.0,402.3,n,10,0.09027778,981.2,65,1005.3,0,0,0.0,11.1,2024-04-14T05:00:00,2024-04-14T10:00:00,1713088800,0.0,21.835,c02n,Scattered clouds,802,SSW,south-southwest,207,6.67,4.63
11.5,69,0,74,0,2024-04-14:11,6.0,0.0,0.0,0.0,398.9,n,20,0.055555556,981.8,69,1006.0,0,0,0.0,11.5,2024-04-14T06:00:00,2024-04-14T11:00:00,1713092400,0.0,22.981,c02n,Scattered clouds,802,SW,southwest,221,7.83,6.17
11.8,48,0,63,0,2024-04-14:12,6.3,45.74,411.38,93.8,395.5,d,20,0.020833334,982.5,69,1006.7,0,0,76.25299,11.8,2024-04-14T07:00:00,2024-04-14T12:00:00,1713096000,0.8,24.128,c02d,Scattered clouds,802,SW,southwest,219,9.0,4.63
12.5,54,0,46,0,2024-04-14:13,5.7,74.74,657.38,282.82,394.3,d,20,0.013888889,983.2,63,1007.3,0,0,264.7954,12.5,2024-04-14T08:00:00,2024-04-14T13:00:00,1713099600,2.2,24.128,c02d,Few clouds,801,SW,southwest,227,8.1,4.63
14.0,57,0,29,0,2024-04-14:14,6.1,93.09,778.92,477.13,393.0,d,20,0.0069444445,983.8,59,1008.0,0,0,470.89764,14.0,2024-04-14T09:00:00,2024-04-14T14:00:00,1713103200,3.2,24.128,c02d,Few clouds,801,SW,southwest,230,7.2,4.63
15.5,57,0,12,0,2024-04-14:15,6.2,105.52,849.36,650.0,391.8,d,0,0.0,984.5,54,1008.6,0,0,649.60333,15.5,2024-04-14T10:00:00,2024-04-14T15:00:00,1713106800,4.1,24.128,c02d,Scattered clouds,802,SSW,south-southwest,208,6.3,5.14
17.8,60,0,8,0,2024-04-14:16,7.0,113.63,890.93,783.51,390.8,d,0,0.0,984.8,49,1008.8,0,0,783.3896,17.8,2024-04-14T11:00:00,2024-04-14T16:00:00,1713110400,6.5,24.128,c02d,Scattered clouds,802,SW,southwest,218,5.67,5.14
21.0,56,0,4,0,2024-04-14:17,8.2,118.11,912.62,865.18,389.8,d,0,0.0,985.2,42,1009.1,0,0,865.1674,21.7,2024-04-14T12:00:00,2024-04-14T17:00:00,1713114000,7.8,24.128,c02d,Scattered clouds,802,SW,southwest,219,6.17,6.17
19.8,58,0,0,0,2024-04-14:18,7.3,119.3,918.18,887.68,388.8,d,0,0.0,985.5,42,1009.3,0,0,887.68,20.6,2024-04-14T13:00:00,2024-04-14T18:00:00,1713117600,7.8,24.128,c02d,Scattered clouds,802,SSW,south-southwest,207,6.17,6.17
18.4,60,2,0,0,2024-04-14:19,6.1,117.25,908.52,849.03,388.0,d,0,0.0,985.3,42,1009.1,0,0,849.03,19.3,2024-04-14T14:00:00,2024-04-14T19:00:00,1713121200,7.6,24.128,c02d,Scattered clouds,802,SW,southwest,220,5.66,5.66
18.7,62,3,0,0,2024-04-14:20,6.0,111.85,882.08,752.69,387.3,d,0,0.0,985.2,41,1008.9,0,0,752.68994,19.6,2024-04-14T15:00:00,2024-04-14T20:00:00,1713124800,6.1,24.128,c02d,Scattered clouds,802,SW,southwest,227,5.66,5.66
17.8,63,5,0,0,2024-04-14:21,6.2,102.69,834.07,607.4,386.5,d,0,0.0,985.0,44,1008.7,0,0,607.39984,18.7,2024-04-14T16:00:00,2024-04-14T21:00:00,1713128400,3.9,24.128,c02d,Scattered clouds,802,SW,southwest,236,5.66,5.66
17.6,62,3,0,0,2024-04-14:22,6.4,88.93,753.3,427.05,384.7,d,0,0.0,985.3,45,1009.1,0,0,427.04987,18.5,2024-04-14T17:00:00,2024-04-14T22:00:00,1713132000,2.9,24.128,c02d,Scattered clouds,802,S,south,179,5.14,5.14
17.6,59,2,1,0,2024-04-14:23,6.5,68.51,610.62,231.22,382.8,d,0,0.0,985.7,48,1009.5,0,0,231.21994,17.6,2024-04-14T18:00:00,2024-04-14T23:00:00,1713135600,2.0,24.128,c02d,Scattered clouds,802,E,east,95,6.17,6.17
17.7,54,0,1,0,2024-04-15:00,4.8,34.57,296.59,51.49,381.0,d,0,0.0,986.0,40,1009.9,0,0,51.489986,18.7,2024-04-14T19:00:00,2024-04-15T00:00:00,1713139200,1.3,24.128,c02d,Scattered clouds,802,W,west,259,5.66,5.66
15.9,58,0,1,0,2024-04-15:01,4.9,0.0,0.0,0.0,382.8,n,0,0.0,986.3,48,1010.3,0,0,0.0,15.9,2024-04-14T20:00:00,2024-04-15T01:00:00,1713142800,0.0,24.128,c02n,Scattered clouds,802,NNE,north-northeast,28,4.63,4.63
14.7,58,0,0,0,2024-04-15:02,5.0,0.0,0.0,0.0,384.7,n,0,0.0,986.7,52,1010.8,0,0,0.0,14.7,2024-04-14T21:00:00,2024-04-15T02:00:00,1713146400,0.0,24.128,c02n,Scattered clouds,802,NE,northeast,45,4.63,4.63
13.8,56,0,0,0,2024-04-15:03,4.9,0.0,0.0,0.0,386.5,n,0,0.0,987.0,55,1011.2,0,0,0.0,13.8,2024-04-14T22:00:00,2024-04-15T03:00:00,1713150000,0.0,24.128,c02n,Scattered clouds,802,NE,northeast,44,4.12,4.12
13.5,51,0,0,0,2024-04-15:04,5.4,0.0,0.0,0.0,389.7,n,0,0.0,987.2,58,1011.4,0,0,0.0,13.5,2024-04-14T23:00:00,2024-04-15T04:00:00,1713153600,0.0,24.128,c02n,Few clouds,801,NNE,north-northeast,22,3.6,3.6
14.6,40,0,0,0,2024-04-15:05,6.7,0.0,0.0,0.0,392.8,n,0,0.0,987.3,59,1011.6,0,0,0.0,14.6,2024-04-15T00:00:00,2024-04-15T05:00:00,1713157200,0.0,24.128,c02n,Few clouds,801,SSE,south-southeast,164,3.33,3.09
13.4,34,0,0,0,2024-04-15:06,5.8,0.0,0.0,0.0,396.0,n,0,0.0,987.5,60,1011.8,0,0,0.0,13.4,2024-04-15T01:00:00,2024-04-15T06:00:00,1713160800,0.0,24.128,c02n,Few clouds,801,NNE,north-northeast,16,4.0,3.6
12.2,44,0,0,0,2024-04-15:07,5.6,0.0,0.0,0.0,392.1,n,0,0.0,987.5,64,1011.8,0,0,0.0,12.2,2024-04-15T02:00:00,2024-04-15T07:00:00,1713164400,0.0,24.128,c02n,Few clouds,801,NNE,north-northeast,26,4.47,3.6
11.7,47,0,0,0,2024-04-15:08,5.6,0.0,0.0,0.0,388.2,n,0,0.0,987.5,66,1011.9,0,0,0.0,11.7,2024-04-15T03:00:00,2024-04-15T08:00:00,1713168000,0.0,24.128,c02n,Few clouds,801,NE,northeast,43,4.93,3.6
11.5,47,0,0,0,2024-04-15:09,5.6,0.0,0.0,0.0,384.3,n,0,0.0,987.5,67,1011.9,0,0,0.0,11.5,2024-04-15T04:00:00,2024-04-15T09:00:00,1713171600,0.0,24.128,c02n,Few clouds,801,NE,northeast,52,5.4,3.6
11.2,52,0,0,0,2024-04-15:10,5.7,0.0,0.0,0.0,379.8,n,0,0.0,987.7,69,1012.1,0,0,0.0,11.2,2024-04-15T05:00:00,2024-04-15T10:00:00,1713175200,0.0,24.128,c02n,Few clouds,801,NE,northeast,48,5.77,3.6
12.6,55,0,0,0,2024-04-15:11,6.6,0.0,0.0,0.0,375.3,n,0,0.0,987.8,67,1012.2,0,0,0.0,12.6,2024-04-15T06:00:00,2024-04-15T11:00:00,1713178800,0.0,24.128,c02n,Few clouds,801,ESE,east-southeast,122,6.15,4.12
10.8,42,0,0,0,2024-04-15:12,6.0,46.68,420.53,98.1,370.8,d,0,0.0,988.0,72,1012.4,0,0,98.1,10.8,2024-04-15T07:00:00,2024-04-15T12:00:00,1713182400,1.4,24.128,c02d,Few clouds,801,NNE,north-northeast,29,6.52,3.09
13.0,49,0,0,0,2024-04-15:13,5.9,75.26,661.05,287.62,369.3,d,0,0.0,988.2,62,1012.4,0,0,287.62,13.0,2024-04-15T08:00:00,2024-04-15T13:00:00,1713186000,2.2,24.128,c02d,Few clouds,801,NE,northeast,56,6.28,3.6
14.7,49,0,0,0,2024-04-15:14,6.3,93.44,780.87,481.84,367.8,d,0,0.0,988.3,57,1012.4,0,0,481.84,14.7,2024-04-15T09:00:00,2024-04-15T14:00:00,1713189600,3.3,24.128,c02d,Few clouds,801,E,east,93,6.04,4.12
15.9,50,0,0,0,2024-04-15:15,6.3,105.77,850.53,654.43,366.3,d,0,0.0,988.5,53,1012.3,0,0,654.43,15.9,2024-04-15T10:00:00,2024-04-15T15:00:00,1713193200,4.5,24.128,c02d,Few clouds,801,SE,southeast,134,5.8,4.63
17.2,55,0,0,0,2024-04-15:16,6.7,113.82,891.7,787.62,365.0,d,0,0.0,988.3,50,1012.0,0,0,787.62,17.2,2024-04-15T11:00:00,2024-04-15T16:00:00,1713196800,6.6,24.128,c02d,Few clouds,801,SE,southeast,125,6.37,4.63
17.5,63,0,1,0,2024-04-15:17,6.9,118.27,913.16,868.96,363.8,d,0,0.0,988.2,47,1011.8,0,0,868.9599,18.4,2024-04-15T12:00:00,2024-04-15T17:00:00,1713200400,7.9,24.128,c02d,Scattered clouds,802,ESE,east-southeast,122,6.94,5.14
19.6,57,0,1,0,2024-04-15:18,6.5,119.44,918.63,891.18,362.5,d,0,0.0,988.0,40,1011.5,0,0,891.17957,20.5,2024-04-15T13:00:00,2024-04-15T18:00:00,1713204000,7.8,24.128,c02d,Scattered clouds,802,ESE,east-southeast,112,7.52,5.14
19.2,61,0,7,0,2024-04-15:19,6.5,117.39,908.97,852.34,363.6,d,0,0.0,987.8,41,1011.3,0,0,852.2339,20.1,2024-04-15T14:00:00,2024-04-15T19:00:00,1713207600,7.6,24.128,c02d,Scattered clouds,802,ESE,east-southeast,123,7.28,5.14
19.6,63,0,13,0,2024-04-15:20,6.5,112.0,882.64,755.9,364.7,d,0,0.0,987.7,40,1011.1,0,0,755.1935,20.5,2024-04-15T15:00:00,2024-04-15T20:00:00,1713211200,6.2,24.128,c02d,Scattered clouds,802,SE,southeast,128,7.04,5.14
19.0,64,0,19,0,2024-04-15:21,6.3,102.87,834.91,610.58,365.8,d,0,0.0,987.5,41,1010.9,0,0,608.5744,19.9,2024-04-15T16:00:00,2024-04-15T21:00:00,1713214800,3.5,24.128,c02d,Scattered clouds,802,SE,southeast,133,6.8,5.14
17.5,66,0,14,0,2024-04-15:22,6.3,89.18,754.73,430.26,369.2,d,0,0.0,988.0,45,1011.6,0,0,429.81873,18.4,2024-04-15T17:00:00,2024-04-15T22:00:00,1713218400,2.9,24.128,c02d,Scattered clouds,802,ESE,east-southeast,109,6.44,5.14
16.6,81,0,8,0,2024-04-15:23,6.4,68.9,613.55,234.39,372.6,d,0,0.0,988.5,51,1012.3,0,0,234.34962,16.6,2024-04-15T18:00:00,2024-04-15T23:00:00,1713222000,2.0,24.128,c02d,Scattered clouds,802,ESE,east-southeast,117,6.08,5.14
18.2,69,0,2,0,2024-04-16:00,6.7,35.38,305.29,54.12,376.0,d,0,0.0,989.0,47,1013.1,0,0,54.119823,18.2,2024-04-15T19:00:00,2024-04-16T00:00:00,1713225600,1.3,24.128,c02d,Scattered clouds,802,ESE,east-southeast,111,5.72,5.14
12.4,80,0,100,0,2024-04-18:01,5.8,0.0,0.0,0.0,371.0,n,0,0.0,989.0,64,1013.2,0,0,0.0,12.4,2024-04-17T20:00:00,2024-04-18T01:00:00,1713402000,0.0,21.488,c04n,Overcast clouds,804,W,west,270,10.9,7.2
14.1,68,0,100,0,2024-04-18:02,7.4,0.0,0.0,0.0,371.8,n,0,0.0,990.0,64,1014.2,0,0,0.0,14.1,2024-04-17T21:00:00,2024-04-18T02:00:00,1713405600,0.0,20.592,c03n,Broken clouds,803,W,west,280,10.8,7.2
13.3,73,0,100,0,2024-04-18:03,6.8,0.0,0.0,0.0,376.5,n,0,0.0,989.5,65,1013.7,0,0,0.0,13.3,2024-04-17T22:00:00,2024-04-18T03:00:00,1713409200,0.0,20.992,c04n,Overcast clouds,804,W,west,280,10.0,6.8
13.1,57,0,32,0,2024-04-18:04,6.9,0.0,0.0,0.0,375.0,n,0,0.0,990.5,66,1014.9,0,0,0.0,13.1,2024-04-17T23:00:00,2024-04-18T04:00:00,1713412800,0.0,21.392,c03n,Broken clouds,803,WNW,west-northwest,290,8.8,6.0
12.2,57,0,51,0,2024-04-18:05,6.4,0.0,0.0,0.0,368.3,n,0,0.0,991.5,68,1015.9,0,0,0.0,12.2,2024-04-18T00:00:00,2024-04-18T05:00:00,1713416400,0.0,20.096,c03n,Broken clouds,803,WNW,west-northwest,290,8.4,5.6
11.6,57,82,5,0,2024-04-18:06,6.3,0.0,0.0,0.0,364.0,n,0,0.0,991.5,70,1016.0,0,0,0.0,11.6,2024-04-18T01:00:00,2024-04-18T06:00:00,1713420000,0.0,18.096,c03n,Broken clouds,803,WNW,west-northwest,290,8.0,5.6
10.8,23,3,6,0,2024-04-18:07,6.0,0.0,0.0,0.0,364.8,n,0,0.0,991.0,72,1015.5,0,0,0.0,10.8,2024-04-18T02:00:00,2024-04-18T07:00:00,1713423600,0.0,16.8,c02n,Scattered clouds,802,WNW,west-northwest,290,6.8,4.8
10.3,12,8,3,0,2024-04-18:08,6.1,0.0,0.0,0.0,363.0,n,0,0.0,991.0,75,1015.6,0,0,0.0,10.3,2024-04-18T03:00:00,2024-04-18T08:00:00,1713427200,0.0,16.096,c02n,Few clouds,801,W,west,280,5.2,3.6
9.7,9,0,3,0,2024-04-18:09,5.8,0.0,0.0,0.0,359.5,n,0,0.0,992.0,77,1016.6,0,0,0.0,9.7,2024-04-18T04:00:00,2024-04-18T09:00:00,1713430800,0.0,15.896,c02n,Few clouds,801,W,west,270,4.0,2.8
9.4,16,5,2,0,2024-04-18:10,6.0,0.0,0.0,0.0,358.0,n,0,0.0,993.5,79,1018.2,0,0,0.0,9.4,2024-04-18T05:00:00,2024-04-18T10:00:00,1713434400,0.0,15.0,c02n,Few clouds,801,W,west,270,3.2,2.4
9.0,31,100,3,0,2024-04-18:11,6.0,0.0,0.0,0.0,358.0,n,0,0.0,993.0,81,1017.7,0,0,0.0,9.0,2024-04-18T06:00:00,2024-04-18T11:00:00,1713438000,0.0,13.8,c02n,Scattered clouds,802,W,west,280,2.4,1.6
9.4,58,100,3,89,2024-04-18:12,6.0,49.32,445.84,110.87,357.0,d,0,0.0,993.0,79,1017.6,0,0,93.049805,9.4,2024-04-18T07:00:00,2024-04-18T12:00:00,1713441600,0.9,14.696,c03d,Broken clouds,803,NW,northwest,310,2.4,1.6
10.5,56,100,100,100,2024-04-18:13,6.2,76.73,671.38,301.63,353.8,d,0,0.0,994.0,75,1018.6,0,0,106.893005,10.5,2024-04-18T08:00:00,2024-04-18T13:00:00,1713445200,1.2,19.088,c03d,Broken clouds,803,NNW,north-northwest,350,2.8,1.6
11.4,73,100,51,100,2024-04-18:14,6.1,94.42,786.35,495.51,351.3,d,0,0.0,994.0,70,1018.5,0,0,143.97101,11.4,2024-04-18T09:00:00,2024-04-18T14:00:00,1713448800,1.5,20.8,c04d,Overcast clouds,804,NNW,north-northwest,360,2.8,2.0
12.2,87,86,100,100,2024-04-18:15,5.6,106.49,853.81,667.26,351.0,d,0,0.0,994.0,64,1018.5,0,0,173.216,12.2,2024-04-18T10:00:00,2024-04-18T15:00:00,1713452400,1.9,20.992,c04d,Overcast clouds,804,NNW,north-northwest,360,3.2,2.4
12.7,86,91,61,100,2024-04-18:16,5.6,114.37,893.82,799.45,349.0,d,25,0.25,995.5,62,1019.9,0,0,194.315,12.7,2024-04-18T11:00:00,2024-04-18T16:00:00,1713456000,2.6,21.696,c04d,Overcast clouds,804,NE,northeast,40,3.6,2.4
13.0,83,100,62,100,2024-04-18:17,5.9,118.72,914.67,879.83,347.0,d,0,0.0,995.0,62,1019.4,0,0,206.703,13.0,2024-04-18T12:00:00,2024-04-18T17:00:00,1713459600,3.3,10.4,c04d,Overcast clouds,804,E,east,80,3.2,2.4
13.6,80,100,77,100,2024-04-18:18,6.0,119.83,919.86,901.27,345.0,d,25,0.25,993.0,60,1017.3,0,0,209.957,13.6,2024-04-18T13:00:00,2024-04-18T18:00:00,1713463200,3.6,19.2,c04d,Overcast clouds,804,E,east,90,2.7,2.4
13.8,83,100,100,100,2024-04-18:19,6.0,117.78,910.2,861.88,345.8,d,0,0.0,993.0,59,1017.3,0,0,203.968,13.8,2024-04-18T14:00:00,2024-04-18T19:00:00,1713466800,3.2,19.488,c04d,Overcast clouds,804,E,east,90,3.6,2.8
13.4,85,100,100,100,2024-04-18:20,5.6,112.42,884.2,765.18,341.3,d,0,0.0,992.5,59,1016.7,0,0,188.93799,13.4,2024-04-18T15:00:00,2024-04-18T20:00:00,1713470400,2.5,19.792,c04d,Overcast clouds,804,ENE,east-northeast,70,4.2,3.2
13.3,87,100,100,100,2024-04-18:21,5.7,103.39,837.26,619.85,336.0,d,0,0.0,992.0,60,1016.2,0,0,165.375,13.3,2024-04-18T16:00:00,2024-04-18T21:00:00,1713474000,1.7,19.392,c04d,Overcast clouds,804,ENE,east-northeast,70,4.1,3.6
12.5,91,100,100,100,2024-04-18:22,5.4,89.89,758.83,439.67,333.3,d,0,0.0,992.5,62,1016.8,0,0,133.857,12.5,2024-04-18T17:00:00,2024-04-18T22:00:00,1713477600,1.0,18.8,c04d,Overcast clouds,804,NE,northeast,50,4.4,4.0
11.7,90,100,100,100,2024-04-18:23,5.4,70.02,621.99,243.8,332.8,d,0,0.0,991.5,65,1015.9,0,0,94.399994,11.7,2024-04-18T18:00:00,2024-04-18T23:00:00,1713481200,0.7,19.696,c04d,Overcast clouds,804,NE,northeast,40,5.1,4.0
10.8,91,100,89,100,2024-04-19:00,5.8,37.7,329.96,62.06,332.0,d,55,1.01,992.0,71,1016.6,0,0,40.0983,10.8,2024-04-18T19:00:00,2024-04-19T00:00:00,1713484800,0.5,4.6,r04d,Light shower rain,520,NNE,north-northeast,20,5.6,4.0
10.3,92,100,100,100,2024-04-19:01,6.3,0.0,0.0,0.0,332.3,n,65,1.27,993.0,76,1017.6,0,0,0.0,10.3,2024-04-18T20:00:00,2024-04-19T01:00:00,1713488400,0.0,8.2,r04n,Light shower rain,520,N,north,10,5.2,3.2
10.1,91,100,100,100,2024-04-19:02,6.4,0.0,0.0,0.0,333.8,n,50,0.76,993.0,78,1017.6,0,0,0.0,10.1,2024-04-18T21:00:00,2024-04-19T02:00:00,1713492000,0.0,12.8,d02n,Drizzle,301,N,north,10,5.2,3.2
9.8,92,100,100,78,2024-04-19:03,6.5,0.0,0.0,0.0,334.5,n,40,0.5,992.5,80,1017.1,0,0,0.0,9.8,2024-04-18T22:00:00,2024-04-19T03:00:00,1713495600,0.0,4.8,c04n,Overcast clouds,804,NNW,north-northwest,360,4.8,3.2
9.7,80,1,100,0,2024-04-19:04,6.8,0.0,0.0,0.0,336.3,n,40,0.5,993.0,82,1017.6,0,0,0.0,9.7,2024-04-18T23:00:00,2024-04-19T04:00:00,1713499200,0.0,12.8,c04n,Overcast clouds,804,NNW,north-northwest,340,4.8,3.2
9.6,65,0,100,0,2024-04-19:05,6.8,0.0,0.0,0.0,343.8,n,0,0.0,993.0,83,1017.6,0,0,0.0,9.6,2024-04-19T00:00:00,2024-04-19T05:00:00,1713502800,0.0,14.2,c03n,Broken clouds,803,NNW,north-northwest,330,5.2,3.6
9.2,63,0,100,0,2024-04-19:06,6.5,0.0,0.0,0.0,351.0,n,0,0.0,993.5,83,1018.1,0,0,0.0,9.2,2024-04-19T01:00:00,2024-04-19T06:00:00,1713506400,0.0,14.496,c03n,Broken clouds,803,NW,northwest,320,5.6,4.0
9.1,57,0,100,0,2024-04-19:07,6.2,0.0,0.0,0.0,352.5,n,0,0.0,994.0,82,1018.7,0,0,0.0,9.1,2024-04-19T02:00:00,2024-04-19T07:00:00,1713510000,0.0,16.0,c03n,Broken clouds,803,NW,northwest,320,6.4,4.4
8.4,39,0,100,0,2024-04-19:08,5.1,0.0,0.0,0.0,353.0,n,0,0.0,994.5,80,1019.2,0,0,0.0,8.4,2024-04-19T03:00:00,2024-04-19T08:00:00,1713513600,0.0,17.088,c02n,Scattered clouds,802,NW,northwest,320,7.2,4.8
7.9,21,0,65,0,2024-04-19:09,3.9,0.0,0.0,0.0,353.8,n,0,0.0,995.0,76,1019.8,0,0,0.0,7.9,2024-04-19T04:00:00,2024-04-19T09:00:00,1713517200,0.0,18.8,c02n,Scattered clouds,802,NW,northwest,320,8.8,6.0
3.5,5,0,10,0,2024-04-19:10,2.6,0.0,0.0,0.0,356.3,n,0,0.0,995.0,75,1019.9,0,0,0.0,6.8,2024-04-19T05:00:00,2024-04-19T10:00:00,1713520800,0.0,15.896,c02n,Few clouds,801,NW,northwest,320,7.6,5.2
3.6,10,0,0,0,2024-04-19:11,1.9,0.0,0.0,0.0,356.8,n,10,0.08,996.0,71,1021.1,0,0,0.0,6.8,2024-04-19T06:00:00,2024-04-19T11:00:00,1713524400,0.0,18.0,c02n,Few clouds,801,NW,northwest,313,7.6,4.93
3.1,7,0,0,0,2024-04-19:12,0.9,50.14,453.62,115.07,357.8,d,0,0.0,997.0,69,1022.1,0,0,115.07,6.2,2024-04-19T07:00:00,2024-04-19T12:00:00,1713528000,1.4,16.688,c02d,Few clouds,801,NW,northwest,310,6.8,4.4
7.3,7,0,1,0,2024-04-19:13,0.3,77.19,674.6,306.17,360.8,d,0,0.0,997.0,61,1022.0,0,0,306.16998,7.3,2024-04-19T08:00:00,2024-04-19T13:00:00,1713531600,1.8,22.096,c02d,Few clouds,801,NW,northwest,306,7.6,4.93
8.5,8,0,0,0,2024-04-19:14,-0.3,94.73,788.06,499.91,363.5,d,0,0.0,997.0,54,1021.9,0,0,499.91,8.5,2024-04-19T09:00:00,2024-04-19T14:00:00,1713535200,2.9,24.0,c02d,Few clouds,801,WNW,west-northwest,303,8.4,5.46
9.6,8,0,0,1,2024-04-19:15,-1.4,106.71,854.82,671.37,363.5,d,0,0.0,998.0,46,1022.8,0,0,671.3699,9.6,2024-04-19T10:00:00,2024-04-19T15:00:00,1713538800,4.4,24.0,c02d,Few clouds,801,WNW,west-northwest,300,9.2,6.0
10.6,13,0,2,3,2024-04-19:16,-1.4,114.54,894.47,803.23,361.8,d,0,0.0,998.5,43,1023.2,0,0,803.22516,10.6,2024-04-19T11:00:00,2024-04-19T16:00:00,1713542400,5.9,24.0,c02d,Few clouds,801,WNW,west-northwest,293,9.86,6.53
11.7,19,0,18,3,2024-04-19:17,-1.4,118.86,915.12,883.3,364.5,d,0,0.0,998.5,40,1023.1,0,0,880.965,11.7,2024-04-19T12:00:00,2024-04-19T17:00:00,1713546000,6.8,24.0,c02d,Few clouds,801,WNW,west-northwest,286,10.53,7.06
12.7,24,0,11,4,2024-04-19:18,-1.6,119.96,920.23,904.48,363.8,d,0,0.0,997.5,37,1022.0,0,0,904.03186,12.7,2024-04-19T13:00:00,2024-04-19T18:00:00,1713549600,6.8,24.0,c02d,Scattered clouds,802,W,west,280,11.2,7.6
13.1,33,5,0,2,2024-04-19:19,-1.6,117.9,910.58,864.94,360.8,d,0,0.0,991.5,36,1015.6,0,0,847.6066,13.1,2024-04-19T14:00:00,2024-04-19T19:00:00,1713553200,5.8,24.128,c02d,Scattered clouds,802,W,west,280,12.0,8.0
13.4,41,16,0,28,2024-04-19:20,-1.7,112.55,884.68,768.16,366.3,d,0,0.0,991.5,35,1015.6,0,0,733.8835,13.4,2024-04-19T15:00:00,2024-04-19T20:00:00,1713556800,4.3,24.128,c03d,Broken clouds,803,W,west,280,12.8,8.4
13.7,50,6,0,69,2024-04-19:21,-1.8,103.56,838.01,622.86,371.3,d,0,0.0,991.0,34,1015.1,0,0,569.75555,13.7,2024-04-19T16:00:00,2024-04-19T21:00:00,1713560400,2.7,24.128,c03d,Broken clouds,803,W,west,280,13.6,8.8
13.4,53,26,0,23,2024-04-19:22,-1.8,90.12,760.14,442.74,374.8,d,0,0.0,991.5,35,1015.6,0,0,396.72183,13.4,2024-04-19T17:00:00,2024-04-19T22:00:00,1713564000,1.7,24.128,c03d,Broken clouds,803,W,west,280,12.46,8.13
13.0,56,11,0,5,2024-04-19:23,-1.7,70.38,624.69,246.9,376.5,d,0,0.0,991.5,36,1015.7,0,0,215.95412,13.0,2024-04-19T18:00:00,2024-04-19T23:00:00,1713567600,1.0,24.128,c03d,Broken clouds,803,W,west,280,11.33,7.46
12.7,59,5,0,5,2024-04-20:00,-1.6,38.44,337.73,64.73,378.5,d,0,0.0,992.0,37,1016.3,0,0,55.04176,12.7,2024-04-19T19:00:00,2024-04-20T00:00:00,1713571200,0.8,24.128,c03d,Broken clouds,803,W,west,280,10.2,6.8
11.8,56,5,0,4,2024-04-20:01,-1.4,0.0,0.0,0.0,383.0,n,0,0.0,992.5,40,1017.0,0,0,0.0,11.8,2024-04-19T20:00:00,2024-04-20T01:00:00,1713574800,0.0,24.128,c03n,Broken clouds,803,W,west,280,8.8,5.86
10.9,54,57,0,2,2024-04-20:02,-1.5,0.0,0.0,0.0,384.8,n,0,0.0,993.5,42,1018.1,0,0,0.0,10.9,2024-04-19T21:00:00,2024-04-20T02:00:00,1713578400,0.0,24.128,c03n,Broken clouds,803,W,west,280,7.4,4.93
10.0,51,29,0,0,2024-04-20:03,-1.4,0.0,0.0,0.0,386.5,n,0,0.0,993.5,45,1018.1,0,0,0.0,10.0,2024-04-19T22:00:00,2024-04-20T03:00:00,1713582000,0.0,24.128,c03n,Broken clouds,803,W,west,280,6.0,4.0
9.3,50,58,1,0,2024-04-20:04,-1.5,0.0,0.0,0.0,389.5,n,0,0.0,993.0,47,1017.6,0,0,0.0,9.3,2024-04-19T23:00:00,2024-04-20T04:00:00,1713585600,0.0,24.128,c03n,Broken clouds,803,W,west,280,6.0,4.0
8.5,48,5,5,1,2024-04-20:05,-1.3,0.0,0.0,0.0,390.3,n,0,0.0,993.5,50,1018.2,0,0,0.0,8.5,2024-04-20T00:00:00,2024-04-20T05:00:00,1713589200,0.0,24.128,c03n,Broken clouds,803,W,west,280,6.0,4.0
7.8,47,5,5,2,2024-04-20:06,-1.4,0.0,0.0,0.0,392.0,n,0,0.0,993.5,52,1018.3,0,0,0.0,7.8,2024-04-20T01:00:00,2024-04-20T06:00:00,1713592800,0.0,24.128,c03n,Broken clouds,803,W,west,280,6.0,4.0
7.3,47,5,4,2,2024-04-20:07,-1.6,0.0,0.0,0.0,395.3,n,0,0.0,993.5,53,1018.3,0,0,0.0,7.3,2024-04-20T02:00:00,2024-04-20T07:00:00,1713596400,0.0,24.128,c03n,Broken clouds,803,WNW,west-northwest,283,6.0,4.0
4.1,46,5,1,0,2024-04-20:08,-1.8,0.0,0.0,0.0,397.0,n,0,0.0,993.5,54,1018.4,0,0,0.0,6.8,2024-04-20T03:00:00,2024-04-20T08:00:00,1713600000,0.0,24.128,c03n,Broken clouds,803,WNW,west-northwest,286,6.0,4.0
3.5,46,0,5,0,2024-04-20:09,-2.0,0.0,0.0,0.0,395.0,n,0,0.0,993.0,55,1017.9,0,0,0.0,6.3,2024-04-20T04:00:00,2024-04-20T09:00:00,1713603600,0.0,24.128,c03n,Broken clouds,803,WNW,west-northwest,290,6.0,4.0
2.9,42,0,17,0,2024-04-20:10,-2.4,0.0,0.0,0.0,401.0,n,0,0.0,993.0,55,1017.9,0,0,0.0,6.0,2024-04-20T05:00:00,2024-04-20T10:00:00,1713607200,0.0,24.128,c03n,Broken clouds,803,WNW,west-northwest,290,6.4,4.26
2.3,37,0,70,0,2024-04-20:11,-2.5,0.0,0.0,0.0,406.3,n,0,0.0,993.0,56,1018.0,0,0,0.0,5.6,2024-04-20T06:00:00,2024-04-20T11:00:00,1713610800,0.0,24.128,c02n,Scattered clouds,802,WNW,west-northwest,290,6.8,4.53
1.7,33,0,99,0,2024-04-20:12,-2.8,50.94,461.09,119.23,413.8,d,0,0.0,993.5,56,1018.4,0,0,116.755005,5.2,2024-04-20T07:00:00,2024-04-20T12:00:00,1713614400,1.0,24.128,c02d,Scattered clouds,802,WNW,west-northwest,290,7.2,4.8
2.4,32,0,99,0,2024-04-20:13,-3.0,77.64,677.72,310.64,421.5,d,0,0.0,994.5,52,1019.4,0,0,305.0394,6.1,2024-04-20T08:00:00,2024-04-20T13:00:00,1713618000,1.4,24.128,c02d,Scattered clouds,802,WNW,west-northwest,293,8.53,5.73
3.2,30,0,5,0,2024-04-20:14,-3.3,95.04,789.72,504.24,431.0,d,0,0.0,995.0,48,1019.9,0,0,496.38318,7.0,2024-04-20T09:00:00,2024-04-20T14:00:00,1713621600,2.4,24.128,c02d,Scattered clouds,802,WNW,west-northwest,296,9.86,6.66
7.9,29,0,7,0,2024-04-20:15,-3.6,106.93,855.8,675.4,436.8,d,0,0.0,995.0,44,1019.8,0,0,666.36444,7.9,2024-04-20T10:00:00,2024-04-20T15:00:00,1713625200,3.7,24.128,c02d,Scattered clouds,802,WNW,west-northwest,300,11.2,7.6
8.7,38,0,100,0,2024-04-20:16,-3.5,114.71,895.09,806.92,418.5,d,0,0.0,995.0,42,1019.7,0,0,779.05206,8.7,2024-04-20T11:00:00,2024-04-20T16:00:00,1713628800,4.8,24.128,c02d,Scattered clouds,802,WNW,west-northwest,300,11.3,7.6
9.6,48,0,100,0,2024-04-20:17,-3.7,119.0,915.56,886.69,410.5,d,0,0.0,995.0,39,1019.6,0,0,822.45996,9.6,2024-04-20T12:00:00,2024-04-20T17:00:00,1713632400,5.2,24.128,c03d,Broken clouds,803,WNW,west-northwest,300,11.4,7.6
10.4,57,0,99,0,2024-04-20:18,-3.6,120.08,920.58,907.63,400.5,d,0,0.0,995.0,37,1019.6,0,0,786.8136,10.4,2024-04-20T13:00:00,2024-04-20T18:00:00,1713636000,4.9,24.128,c03d,Broken clouds,803,WNW,west-northwest,300,11.5,7.6
10.6,57,0,91,0,2024-04-20:19,-3.5,118.01,910.94,867.93,400.0,d,0,0.0,995.0,37,1019.5,0,0,750.10815,10.6,2024-04-20T14:00:00,2024-04-20T19:00:00,1713639600,4.5,24.128,c03d,Broken clouds,803,WNW,west-northwest,300,11.33,7.46
10.8,58,1,100,0,2024-04-20:20,-3.3,112.68,885.14,771.1,399.5,d,0,0.0,994.5,37,1019.0,0,0,664.36005,10.8,2024-04-20T15:00:00,2024-04-20T20:00:00,1713643200,3.6,24.128,c03d,Broken clouds,803,WNW,west-northwest,300,11.16,7.33
10.9,58,81,86,4,2024-04-20:21,-3.1,103.72,838.73,625.82,398.0,d,0,0.0,994.5,37,1019.0,0,0,537.4414,10.9,2024-04-20T16:00:00,2024-04-20T21:00:00,1713646800,2.5,24.128,c03d,Broken clouds,803,WNW,west-northwest,300,11.0,7.2
10.6,56,99,92,3,2024-04-20:22,-3.1,90.34,761.42,445.78,395.5,d,0,0.0,994.5,38,1019.0,0,0,388.77954,10.6,2024-04-20T17:00:00,2024-04-20T22:00:00,1713650400,1.6,24.128,c03d,Broken clouds,803,NW,northwest,306,10.4,6.8
10.2,55,100,80,26,2024-04-20:23,-3.1,70.74,627.33,249.98,392.8,d,0,0.0,994.0,39,1018.5,0,0,221.12477,10.2,2024-04-20T18:00:00,2024-04-20T23:00:00,1713654000,1.0,24.128,c03d,Broken clouds,803,NW,northwest,313,9.8,6.4
9.8,53,66,81,75,2024-04-21:00,-3.1,39.17,345.29,67.41,390.0,d,0,0.0,994.0,40,1018.6,0,0,60.403442,9.8,2024-04-20T19:00:00,2024-04-21T00:00:00,1713657600,0.9,24.128,c03d,Broken clouds,803,NW,northwest,320,9.2,6.0
8.9,54,0,22,22,2024-04-21:01,-2.9,0.0,0.0,0.0,388.8,n,0,0.0,994.5,43,1019.2,0,0,0.0,8.9,2024-04-20T20:00:00,2024-04-21T01:00:00,1713661200,0.0,24.128,c03n,Broken clouds,803,NW,northwest,320,8.43,5.6
8.1,56,0,93,0,2024-04-21:02,-2.5,0.0,0.0,0.0,388.0,n,0,0.0,995.5,47,1020.2,0,0,0.0,8.1,2024-04-20T21:00:00,2024-04-21T02:00:00,1713664800,0.0,24.128,c03n,Broken clouds,803,NW,northwest,320,7.66,5.2
4.2,57,0,26,0,2024-04-21:03,-2.5,0.0,0.0,0.0,388.0,n,0,0.0,995.5,50,1020.3,0,0,0.0,7.2,2024-04-20T22:00:00,2024-04-21T03:00:00,1713668400,0.0,24.128,c03n,Broken clouds,803,NW,northwest,320,6.9,4.8
3.6,51,0,5,0,2024-04-21:04,-2.3,0.0,0.0,0.0,387.0,n,0,0.0,995.0,53,1019.8,0,0,0.0,6.6,2024-04-20T23:00:00,2024-04-21T04:00:00,1713672000,0.0,24.128,c03n,Broken clouds,803,NW,northwest,313,6.6,4.53
3.0,46,0,46,0,2024-04-21:05,-1.8,0.0,0.0,0.0,387.8,n,0,0.0,995.5,57,1020.4,0,0,0.0,6.1,2024-04-21T00:00:00,2024-04-21T05:00:00,1713675600,0.0,24.128,c03n,Broken clouds,803,NW,northwest,306,6.3,4.26
2.5,40,0,5,5,2024-04-21:06,-1.6,0.0,0.0,0.0,389.0,n,0,0.0,995.5,60,1020.5,0,0,0.0,5.5,2024-04-21T01:00:00,2024-04-21T06:00:00,1713679200,0.0,24.128,c02n,Scattered clouds,802,WNW,west-northwest,300,6.0,4.0
2.1,39,0,5,5,2024-04-21:07,-1.8,0.0,0.0,0.0,386.5,n,0,0.0,995.0,61,1020.0,0,0,0.0,5.1,2024-04-21T02:00:00,2024-04-21T07:00:00,1713682800,0.0,24.128,c02n,Scattered clouds,802,WNW,west-northwest,300,5.83,3.93
1.7,39,0,5,36,2024-04-21:08,-1.9,0.0,0.0,0.0,386.0,n,0,0.0,994.5,62,1019.5,0,0,0.0,4.8,2024-04-21T03:00:00,2024-04-21T08:00:00,1713686400,0.0,24.128,c02n,Scattered clouds,802,WNW,west-northwest,300,5.66,3.86
1.3,38,0,5,98,2024-04-21:09,-2.0,0.0,0.0,0.0,389.5,n,0,0.0,995.0,63,1020.1,0,0,0.0,4.4,2024-04-21T04:00:00,2024-04-21T09:00:00,1713690000,0.0,24.128,c02n,Scattered clouds,802,WNW,west-northwest,300,5.5,3.8
0.9,37,0,5,100,2024-04-21:10,-2.1,0.0,0.0,0.0,396.5,n,0,0.0,995.5,64,1020.6,0,0,0.0,4.0,2024-04-21T05:00:00,2024-04-21T10:00:00,1713693600,0.0,24.128,c02n,Scattered clouds,802,WNW,west-northwest,300,5.33,3.73
0.5,37,0,1,5,2024-04-21:11,-2.3,0.0,0.0,0.0,403.8,n,0,0.0,995.5,65,1020.6,0,0,0.0,3.7,2024-04-21T06:00:00,2024-04-21T11:00:00,1713697200,0.0,24.128,c02n,Scattered clouds,802,WNW,west-northwest,300,5.16,3.66
0.1,36,0,0,5,2024-04-21:12,-2.4,51.72,468.26,123.36,412.8,d,0,0.0,995.5,66,1020.6,0,0,119.917725,3.3,2024-04-21T07:00:00,2024-04-21T12:00:00,1713700800,1.0,24.128,c02d,Scattered clouds,802,WNW,west-northwest,300,5.0,3.6
1.7,33,0,0,6,2024-04-21:13,-2.1,78.09,680.74,315.04,422.3,d,0,0.0,995.5,61,1020.5,0,0,308.72662,4.7,2024-04-21T08:00:00,2024-04-21T13:00:00,1713704400,1.4,24.128,c02d,Scattered clouds,802,WNW,west-northwest,300,5.21,3.72
3.4,29,5,0,51,2024-04-21:14,-1.7,95.33,791.32,508.48,426.8,d,0,0.0,995.5,57,1020.3,0,0,501.4107,6.2,2024-04-21T09:00:00,2024-04-21T14:00:00,1713708000,2.4,24.128,c02d,Scattered clouds,802,WNW,west-northwest,300,5.43,3.84
7.6,26,0,5,9,2024-04-21:15,-1.6,107.14,856.75,679.34,429.0,d,0,0.0,995.5,52,1020.2,0,0,673.07043,7.6,2024-04-21T10:00:00,2024-04-21T15:00:00,1713711600,3.9,24.128,c02d,Scattered clouds,802,WNW,west-northwest,300,5.65,3.96
9.0,23,0,5,0,2024-04-21:16,-1.7,114.87,895.69,810.54,428.5,d,0,0.0,995.5,47,1020.1,0,0,805.8529,9.0,2024-04-21T11:00:00,2024-04-21T16:00:00,1713715200,5.5,24.128,c02d,Scattered clouds,802,WNW,west-northwest,300,5.86,4.08
10.4,19,0,5,0,2024-04-21:17,-1.6,119.13,915.97,890.0,424.0,d,0,0.0,995.0,43,1019.4,0,0,887.0021,10.4,2024-04-21T12:00:00,2024-04-21T17:00:00,1713718800,6.8,24.128,c02d,Few clouds,801,WNW,west-northwest,300,6.08,4.2
11.9,16,0,5,0,2024-04-21:18,-2.0,120.19,920.92,910.71,427.3,d,0,0.0,994.0,38,1018.3,0,0,909.09705,11.9,2024-04-21T13:00:00,2024-04-21T18:00:00,1713722400,7.3,24.128,c02d,Few clouds,801,WNW,west-northwest,300,6.3,4.33
11.9,15,0,5,0,2024-04-21:19,-2.0,118.13,911.28,870.86,427.0,d,0,0.0,993.5,38,1017.8,0,0,869.576,11.9,2024-04-21T14:00:00,2024-04-21T19:00:00,1713726000,6.7,24.128,c02d,Few clouds,801,WNW,west-northwest,295,6.26,4.28
11.9,14,0,5,0,2024-04-21:20,-2.0,112.81,885.59,773.98,426.0,d,0,0.0,993.0,38,1017.2,0,0,773.03766,11.9,2024-04-21T15:00:00,2024-04-21T20:00:00,1713729600,5.4,24.128,c02d,Few clouds,801,WNW,west-northwest,290,6.23,4.24
11.9,14,0,5,0,2024-04-21:21,-2.0,103.88,839.43,628.74,427.8,d,0,0.0,992.0,38,1016.2,0,0,628.11505,11.9,2024-04-21T16:00:00,2024-04-21T21:00:00,1713733200,3.8,24.128,c02d,Few clouds,801,WNW,west-northwest,285,6.2,4.19
11.9,13,0,5,0,2024-04-21:22,-1.9,90.56,762.68,448.79,431.0,d,0,0.0,992.0,38,1016.2,0,0,448.43146,11.9,2024-04-21T17:00:00,2024-04-21T22:00:00,1713736800,2.3,24.128,c02d,Few clouds,801,W,west,280,6.16,4.15
11.9,12,0,5,0,2024-04-21:23,-1.9,71.09,629.92,253.03,434.5,d,0,0.0,992.0,38,1016.2,0,0,252.86946,11.9,2024-04-21T18:00:00,2024-04-21T23:00:00,1713740400,1.5,24.128,c02d,Few clouds,801,W,west,275,6.13,4.1
11.9,11,0,5,0,2024-04-22:00,-1.9,39.87,352.65,70.1,434.5,d,0,0.0,992.0,38,1016.3,0,0,70.06527,11.9,2024-04-21T19:00:00,2024-04-22T00:00:00,1713744000,1.2,24.128,c02d,Few clouds,801,W,west,270,6.1,4.06
11.0,10,0,5,0,2024-04-22:01,-1.4,0.0,0.0,0.0,433.5,n,0,0.0,992.5,42,1016.9,0,0,0.0,11.0,2024-04-21T20:00:00,2024-04-22T01:00:00,1713747600,0.0,24.128,c02n,Few clouds,801,W,west,268,5.9,3.9
10.1,9,0,5,0,2024-04-22:02,-1.3,0.0,0.0,0.0,430.8,n,0,0.0,993.0,45,1017.5,0,0,0.0,10.1,2024-04-21T21:00:00,2024-04-22T02:00:00,1713751200,0.0,24.128,c02n,Few clouds,801,W,west,266,5.7,3.75
9.2,8,0,0,0,2024-04-22:03,-0.9,0.0,0.0,0.0,427.8,n,0,0.0,993.0,49,1017.6,0,0,0.0,9.2,2024-04-21T22:00:00,2024-04-22T03:00:00,1713754800,0.0,24.128,c02n,Few clouds,801,W,west,265,5.5,3.59
8.3,6,0,0,0,2024-04-22:04,-0.7,0.0,0.0,0.0,426.0,n,0,0.0,993.0,53,1017.6,0,0,0.0,8.3,2024-04-21T23:00:00,2024-04-22T04:00:00,1713758400,0.0,24.128,c02n,Few clouds,801,W,west,263,5.3,3.44
7.4,5,0,0,0,2024-04-22:05,-0.8,0.0,0.0,0.0,422.3,n,0,0.0,992.5,56,1017.1,0,0,0.0,7.4,2024-04-22T00:00:00,2024-04-22T05:00:00,1713762000,0.0,24.128,c02n,Few clouds,801,W,west,261,5.1,3.28
4.3,4,0,0,0,2024-04-22:06,-0.6,0.0,0.0,0.0,419.5,n,0,0.0,992.5,60,1017.2,0,0,0.0,6.5,2024-04-22T01:00:00,2024-04-22T06:00:00,1713765600,0.0,24.128,c02n,Few clouds,801,W,west,260,4.9,3.13
4.0,5,0,0,0,2024-04-22:07,-0.6,0.0,0.0,0.0,419.0,n,0,0.0,992.0,61,1016.7,0,0,0.0,6.3,2024-04-22T02:00:00,2024-04-22T07:00:00,1713769200,0.0,24.128,c02n,Few clouds,801,WSW,west-southwest,256,4.85,3.14
3.7,5,0,0,0,2024-04-22:08,-0.4,0.0,0.0,0.0,419.0,n,0,0.0,992.0,63,1016.7,0,0,0.0,6.1,2024-04-22T03:00:00,2024-04-22T08:00:00,1713772800,0.0,24.128,c02n,Few clouds,801,WSW,west-southwest,253,4.8,3.15
3.5,6,0,0,0,2024-04-22:09,-0.4,0.0,0.0,0.0,417.5,n,0,0.0,992.0,64,1016.8,0,0,0.0,5.9,2024-04-22T04:00:00,2024-04-22T09:00:00,1713776400,0.0,24.128,c02n,Few clouds,801,WSW,west-southwest,250,4.75,3.16
3.2,7,0,0,0,2024-04-22:10,-0.4,0.0,0.0,0.0,412.5,n,0,0.0,992.0,65,1016.8,0,0,0.0,5.7,2024-04-22T05:00:00,2024-04-22T10:00:00,1713780000,0.0,24.128,c02n,Few clouds,801,WSW,west-southwest,246,4.7,3.17
2.9,7,0,0,0,2024-04-22:11,-0.2,0.0,0.0,0.0,410.3,n,0,0.0,992.0,67,1016.8,0,0,0.0,5.4,2024-04-22T06:00:00,2024-04-22T11:00:00,1713783600,0.0,24.128,c02n,Few clouds,801,WSW,west-southwest,243,4.65,3.18
2.6,8,0,0,0,2024-04-22:12,-0.2,52.47,475.16,127.44,412.8,d,0,0.0,992.0,68,1016.8,0,0,127.41862,5.2,2024-04-22T07:00:00,2024-04-22T12:00:00,1713787200,1.3,24.128,c02d,Few clouds,801,WSW,west-southwest,240,4.6,3.2
4.6,11,2,0,0,2024-04-22:13,0.4,78.51,683.65,319.37,409.8,d,0,0.0,992.0,63,1016.6,0,0,319.21176,7.0,2024-04-22T08:00:00,2024-04-22T13:00:00,1713790800,1.7,24.128,c02d,Few clouds,801,SW,southwest,236,5.05,3.43
8.7,14,3,0,0,2024-04-22:14,0.9,95.62,792.87,512.63,406.9,d,0,0.0,992.0,58,1016.4,0,0,512.0534,8.7,2024-04-22T09:00:00,2024-04-22T14:00:00,1713794400,2.8,24.128,c02d,Few clouds,801,SW,southwest,233,5.5,3.66
10.5,17,5,0,0,2024-04-22:15,1.1,107.35,857.66,683.2,404.0,d,0,0.0,992.0,52,1016.2,0,0,681.713,10.5,2024-04-22T10:00:00,2024-04-22T15:00:00,1713798000,4.2,24.128,c02d,Few clouds,801,SW,southwest,230,5.95,3.9
12.3,20,37,2,0,2024-04-22:16,1.3,115.03,896.26,814.07,404.3,d,0,0.0,991.5,47,1015.6,0,0,810.991,12.3,2024-04-22T11:00:00,2024-04-22T16:00:00,1713801600,5.7,24.128,c02d,Few clouds,801,SW,southwest,226,6.4,4.13
14.0,23,68,3,0,2024-04-22:17,1.3,119.26,916.36,893.23,404.5,d,0,0.0,991.0,42,1015.0,0,0,887.8045,14.0,2024-04-22T12:00:00,2024-04-22T17:00:00,1713805200,6.7,24.128,c02d,Scattered clouds,802,SW,southwest,223,6.85,4.36
15.8,26,100,5,0,2024-04-22:18,1.2,120.31,921.23,913.71,404.8,d,0,0.0,990.5,37,1014.4,0,0,905.27747,15.8,2024-04-22T13:00:00,2024-04-22T18:00:00,1713808800,6.8,24.128,c02d,Scattered clouds,802,SW,southwest,220,7.3,4.6
15.6,34,100,5,33,2024-04-22:19,1.4,118.24,911.6,873.73,404.8,d,0,0.0,989.8,38,1013.7,0,0,853.33234,15.6,2024-04-22T14:00:00,2024-04-22T19:00:00,1713812400,5.8,24.128,c02d,Scattered clouds,802,SW,southwest,216,7.36,4.67
15.5,42,100,5,67,2024-04-22:20,1.2,112.93,886.02,776.81,404.9,d,0,0.0,989.2,38,1013.0,0,0,739.2123,15.5,2024-04-22T15:00:00,2024-04-22T20:00:00,1713816000,4.3,24.128,c03d,Broken clouds,803,SSW,south-southwest,213,7.43,4.75
15.3,50,100,5,100,2024-04-22:21,1.1,104.04,840.12,631.62,405.0,d,0,0.0,988.5,38,1012.3,0,0,575.91565,15.3,2024-04-22T16:00:00,2024-04-22T21:00:00,1713819600,2.7,24.128,c03d,Broken clouds,803,SSW,south-southwest,210,7.5,4.83
15.2,59,100,5,100,2024-04-22:22,1.3,90.78,763.9,451.77,405.9,d,0,0.0,988.3,39,1012.2,0,0,385.46857,15.2,2024-04-22T17:00:00,2024-04-22T22:00:00,1713823200,1.6,24.128,c03d,Broken clouds,803,SSW,south-southwest,206,7.56,4.91
15.0,67,100,5,100,2024-04-22:23,1.5,71.43,632.46,256.07,406.8,d,0,0.0,988.2,40,1012.1,0,0,197.52307,15.0,2024-04-22T18:00:00,2024-04-22T23:00:00,1713826800,0.9,24.128,c03d,Broken clouds,803,SSW,south-southwest,203,7.63,4.99
14.9,75,100,5,100,2024-04-23:00,1.4,40.57,359.81,72.79,407.8,d,0,0.0,988.0,40,1012.0,0,0,48.156704,14.9,2024-04-22T19:00:00,2024-04-23T00:00:00,1713830400,0.6,24.128,c04d,Overcast clouds,804,SSW,south-southwest,200,7.7,5.07
12.8,61,93,37,100,2024-04-23:01,-0.1,0.0,0.0,0.0,406.8,n,0,0.0,988.2,41,1012.2,0,0,0.0,12.8,2024-04-22T20:00:00,2024-04-23T01:00:00,1713834000,0.0,24.128,c02n,Scattered clouds,802,SSE,south-southeast,168,6.78,4.63
11.8,59,87,68,100,2024-04-23:02,0.3,0.0,0.0,0.0,405.8,n,0,0.0,988.3,45,1012.4,0,0,0.0,11.8,2024-04-22T21:00:00,2024-04-23T02:00:00,1713837600,0.0,24.128,c02n,Scattered clouds,802,SSE,south-southeast,165,7.24,4.12
11.2,57,80,100,100,2024-04-23:03,0.3,0.0,0.0,0.0,404.8,n,0,0.0,988.5,47,1012.6,0,0,0.0,11.2,2024-04-22T22:00:00,2024-04-23T03:00:00,1713841200,0.0,24.128,c02n,Scattered clouds,802,SSE,south-southeast,163,7.7,4.12
10.8,64,87,100,89,2024-04-23:04,0.5,0.0,0.0,0.0,406.7,n,20,0.0069444445,987.7,49,1011.8,0,0,0.0,10.8,2024-04-22T23:00:00,2024-04-23T04:00:00,1713844800,0.0,24.128,c02n,Scattered clouds,802,S,south,183,8.14,4.12
11.2,76,93,100,77,2024-04-23:05,1.7,0.0,0.0,0.0,408.6,n,20,0.013888889,986.8,52,1011.0,0,0,0.0,11.2,2024-04-23T00:00:00,2024-04-23T05:00:00,1713848400,0.0,24.128,c02n,Scattered clouds,802,SSW,south-southwest,204,8.58,4.63
10.5,53,100,100,66,2024-04-23:06,2.4,0.0,0.0,0.0,410.5,n,20,0.020833334,986.0,57,1010.2,0,0,0.0,10.5,2024-04-23T01:00:00,2024-04-23T06:00:00,1713852000,0.0,24.128,c02n,Scattered clouds,802,S,south,189,9.02,4.63
9.0,59,100,100,70,2024-04-23:07,1.7,0.0,0.0,0.0,411.1,n,20,0.034722224,985.5,60,1009.7,0,0,0.0,9.0,2024-04-23T02:00:00,2024-04-23T07:00:00,1713855600,0.0,24.128,c02n,Scattered clouds,802,S,south,188,10.71,4.12
8.7,64,100,100,74,2024-04-23:08,1.8,0.0,0.0,0.0,411.7,n,20,0.04861111,985.0,62,1009.2,0,0,0.0,8.7,2024-04-23T03:00:00,2024-04-23T08:00:00,1713859200,0.0,24.128,c02n,Scattered clouds,802,S,south,191,12.4,4.12
8.7,62,100,100,77,2024-04-23:09,1.8,0.0,0.0,0.0,412.3,n,10,0.0625,984.5,62,1008.7,0,0,0.0,8.7,2024-04-23T04:00:00,2024-04-23T09:00:00,1713862800,0.0,24.128,c02n,Scattered clouds,802,SSW,south-southwest,197,14.09,4.12
8.7,67,68,100,52,2024-04-23:10,1.6,0.0,0.0,0.0,410.0,n,10,0.0625,984.0,61,1008.2,0,0,0.0,8.7,2024-04-23T05:00:00,2024-04-23T10:00:00,1713866400,0.0,22.235,c02n,Scattered clouds,802,SSW,south-southwest,210,14.1,4.12
10.1,76,37,100,26,2024-04-23:11,2.0,0.1,0.0,0.0,407.8,n,10,0.0625,983.5,57,1007.7,0,0,0.0,10.1,2024-04-23T06:00:00,2024-04-23T11:00:00,1713870000,0.0,20.341,c02n,Scattered clouds,802,SW,southwest,234,14.11,3.6
8.7,58,5,100,0,2024-04-23:12,2.7,53.2,481.79,131.47,405.5,d,10,0.0625,983.0,66,1007.2,0,0,66.347,8.7,2024-04-23T07:00:00,2024-04-23T12:00:00,1713873600,0.4,18.448,c02d,Scattered clouds,802,WSW,west-southwest,245,14.13,5.14
9.6,61,4,93,0,2024-04-23:13,2.2,78.93,686.47,323.62,406.8,d,10,0.07638889,983.0,60,1007.1,0,0,93.087296,9.6,2024-04-23T08:00:00,2024-04-23T13:00:00,1713877200,2.4,20.341,c02d,Scattered clouds,802,SW,southwest,234,12.89,4.63
11.1,62,2,87,0,2024-04-23:14,2.4,95.89,794.36,516.71,408.0,d,10,0.09027778,983.0,55,1007.1,0,0,230.36061,11.1,2024-04-23T09:00:00,2024-04-23T14:00:00,1713880800,3.6,22.235,c02d,Scattered clouds,802,SW,southwest,235,11.65,5.14
12.0,65,1,80,0,2024-04-23:15,2.2,107.55,858.53,686.97,409.3,d,10,0.104166664,983.0,51,1007.0,0,0,396.6751,12.0,2024-04-23T10:00:00,2024-04-23T15:00:00,1713884400,2.2,24.128,c02d,Scattered clouds,802,WSW,west-southwest,237,10.41,5.66
13.5,68,1,53,0,2024-04-23:16,2.4,115.18,896.81,817.51,410.4,d,15,0.11111111,982.5,47,1006.3,0,0,730.4769,13.5,2024-04-23T11:00:00,2024-04-23T16:00:00,1713888000,7.1,22.197,c02d,Scattered clouds,802,WSW,west-southwest,242,11.14,5.14
14.5,81,0,27,0,2024-04-23:17,2.7,119.38,916.74,896.39,411.6,d,15,0.11805556,982.0,45,1005.6,0,0,887.3497,14.5,2024-04-23T12:00:00,2024-04-23T17:00:00,1713891600,8.4,20.267,c02d,Scattered clouds,802,W,west,260,11.86,4.63
13.9,56,0,0,0,2024-04-23:18,2.2,120.42,921.53,916.64,412.8,d,15,0.125,981.5,45,1004.9,0,0,916.64,13.9,2024-04-23T13:00:00,2024-04-23T18:00:00,1713895200,8.3,18.336,c02d,Scattered clouds,802,W,west,270,12.59,6.17
15.0,60,0,3,0,2024-04-23:19,1.9,118.35,911.91,876.53,414.3,d,10,0.083333336,981.7,41,1005.1,0,0,876.5252,15.0,2024-04-23T14:00:00,2024-04-23T19:00:00,1713898800,8.1,20.267,c02d,Scattered clouds,802,W,west,263,12.11,5.66
15.2,62,0,6,0,2024-04-23:20,1.7,113.05,886.44,779.58,415.8,d,20,0.041666668,981.8,40,1005.2,0,0,779.5345,15.2,2024-04-23T15:00:00,2024-04-23T20:00:00,1713902400,6.5,22.197,c02d,Scattered clouds,802,W,west,268,11.62,5.66
14.6,63,0,9,0,2024-04-23:21,1.9,104.19,840.79,634.46,417.3,d,0,0.0,982.0,42,1005.4,0,0,634.313,14.6,2024-04-23T16:00:00,2024-04-23T21:00:00,1713906000,4.0,24.128,c02d,Scattered clouds,802,W,west,264,11.13,5.66
14.3,67,0,8,0,2024-04-23:22,1.6,91.0,765.11,454.72,415.2,d,20,0.013888889,983.0,42,1006.5,0,0,454.65787,14.3,2024-04-23T17:00:00,2024-04-23T22:00:00,1713909600,3.1,24.128,c02d,Scattered clouds,802,W,west,268,10.53,5.66
12.5,66,0,6,0,2024-04-23:23,0.6,71.77,634.95,259.09,413.1,d,20,0.027777778,984.0,44,1007.7,0,0,259.07104,12.5,2024-04-23T18:00:00,2024-04-23T23:00:00,1713913200,2.1,24.128,c02d,Scattered clouds,802,WNW,west-northwest,292,9.92,5.14
12.4,57,0,5,0,2024-04-24:00,0.2,41.25,366.77,75.48,411.0,d,20,0.041666668,985.0,43,1008.8,0,0,75.47744,12.4,2024-04-23T19:00:00,2024-04-24T00:00:00,1713916800,1.3,24.128,c02d,Scattered clouds,802,NNW,north-northwest,330,9.31,5.66
12.1,59,0,5,0,2024-04-24:01,1.1,0.0,0.0,0.0,408.1,n,20,0.027777778,986.0,47,1009.9,0,0,0.0,12.1,2024-04-23T20:00:00,2024-04-24T01:00:00,1713920400,0.0,24.128,c02n,Scattered clouds,802,NNW,north-northwest,329,9.41,4.63
11.3,58,0,5,0,2024-04-24:02,1.3,0.0,0.0,0.0,405.2,n,20,0.013888889,987.0,50,1011.1,0,0,0.0,11.3,2024-04-23T21:00:00,2024-04-24T02:00:00,1713924000,0.0,24.128,c02n,Scattered clouds,802,NNW,north-northwest,337,9.51,4.12
9.9,57,0,5,0,2024-04-24:03,1.6,0.0,0.0,0.0,402.3,n,0,0.0,988.0,56,1012.2,0,0,0.0,9.9,2024-04-23T22:00:00,2024-04-24T03:00:00,1713927600,0.0,24.128,c02n,Scattered clouds,802,NNW,north-northwest,339,9.6,4.12
9.5,53,0,3,0,2024-04-24:04,1.4,0.0,0.0,0.0,401.7,n,0,0.0,988.7,57,1012.9,0,0,0.0,9.5,2024-04-23T23:00:00,2024-04-24T04:00:00,1713931200,0.0,24.128,c02n,Few clouds,801,NW,northwest,325,9.37,4.12
8.3,35,0,2,0,2024-04-24:05,0.1,0.0,0.0,0.0,401.1,n,0,0.0,989.3,56,1013.6,0,0,0.0,8.3,2024-04-24T00:00:00,2024-04-24T05:00:00,1713934800,0.0,24.128,c02n,Few clouds,801,NW,northwest,324,9.13,4.12
7.8,40,0,0,0,2024-04-24:06,0.5,0.0,0.0,0.0,400.5,n,0,0.0,990.0,60,1014.4,0,0,0.0,7.8,2024-04-24T01:00:00,2024-04-24T06:00:00,1713938400,0.0,24.128,c02n,Few clouds,801,NNW,north-northwest,334,8.9,3.6
8.4,45,1,33,0,2024-04-24:07,1.8,0.0,0.0,0.0,400.7,n,0,0.0,990.8,63,1015.2,0,0,0.0,8.4,2024-04-24T02:00:00,2024-04-24T07:00:00,1713942000,0.0,24.128,c02n,Few clouds,801,WNW,west-northwest,300,8.0,4.12
8.0,46,3,67,0,2024-04-24:08,1.8,0.0,0.0,0.0,400.8,n,0,0.0,991.7,65,1016.1,0,0,0.0,8.0,2024-04-24T03:00:00,2024-04-24T08:00:00,1713945600,0.0,24.128,c02n,Few clouds,801,WNW,west-northwest,301,7.1,4.12
7.7,45,4,100,0,2024-04-24:09,2.0,0.0,0.0,0.0,401.0,n,0,0.0,992.5,67,1017.0,0,0,0.0,7.7,2024-04-24T04:00:00,2024-04-24T09:00:00,1713949200,0.0,24.128,c02n,Few clouds,801,WNW,west-northwest,283,6.2,4.12
7.6,51,3,79,0,2024-04-24:10,1.9,0.0,0.0,0.0,400.2,n,0,0.0,993.3,67,1017.9,0,0,0.0,7.6,2024-04-24T05:00:00,2024-04-24T10:00:00,1713952800,0.0,24.128,c02n,Few clouds,801,NW,northwest,308,6.44,4.12
2.9,44,1,59,0,2024-04-24:11,0.9,2.27,0.68,0.19,399.3,n,0,0.0,994.2,70,1018.8,0,0,2.4322395,5.9,2024-04-24T06:00:00,2024-04-24T11:00:00,1713956400,0.0,24.128,c02n,Few clouds,801,NNW,north-northwest,335,6.67,4.12
3.7,45,0,38,0,2024-04-24:12,0.4,53.9,488.15,135.46,398.5,d,0,0.0,995.0,66,1019.6,0,0,130.96788,6.3,2024-04-24T07:00:00,2024-04-24T12:00:00,1713960000,1.0,24.128,c02d,Few clouds,801,N,north,1,6.91,3.6
9.5,52,0,41,0,2024-04-24:13,2.1,79.34,689.2,327.79,397.2,d,0,0.0,995.5,60,1020.1,0,0,313.8497,9.5,2024-04-24T08:00:00,2024-04-24T13:00:00,1713963600,2.4,24.128,c02d,Few clouds,801,NNW,north-northwest,327,6.37,4.12
11.0,52,0,44,0,2024-04-24:14,2.3,96.16,795.8,520.7,395.8,d,0,0.0,996.0,55,1020.5,0,0,492.77902,11.0,2024-04-24T09:00:00,2024-04-24T14:00:00,1713967200,3.6,24.128,c02d,Few clouds,801,NW,northwest,318,5.83,4.63
12.4,54,0,46,0,2024-04-24:15,2.3,107.74,859.37,690.66,394.5,d,0,0.0,996.5,50,1020.9,0,0,644.6506,12.4,2024-04-24T10:00:00,2024-04-24T15:00:00,1713970800,3.3,24.128,c02d,Few clouds,801,WNW,west-northwest,288,5.3,5.14
13.2,57,29,31,0,2024-04-24:16,2.1,115.32,897.33,820.87,392.4,d,0,0.0,996.7,47,1021.0,0,0,792.72095,13.2,2024-04-24T11:00:00,2024-04-24T16:00:00,1713974400,7.2,24.128,c02d,Few clouds,801,NNW,north-northwest,328,5.14,5.14
11.9,67,58,16,0,2024-04-24:17,-0.9,119.5,917.09,899.46,390.3,d,0,0.0,996.8,41,1021.1,0,0,885.95685,11.9,2024-04-24T12:00:00,2024-04-24T17:00:00,1713978000,8.5,24.128,c02d,Scattered clouds,802,NE,northeast,40,5.14,5.14
12.9,50,87,1,0,2024-04-24:18,0.0,120.52,921.81,919.51,388.3,d,0,0.0,997.0,41,1021.2,0,0,914.88446,12.9,2024-04-24T13:00:00,2024-04-24T18:00:00,1713981600,7.2,24.128,c02d,Scattered clouds,802,NE,northeast,42,5.14,5.14
15.0,56,71,1,7,2024-04-24:19,1.9,118.45,912.21,879.28,387.3,d,0,0.0,996.7,41,1020.9,0,0,875.1384,15.0,2024-04-24T14:00:00,2024-04-24T19:00:00,1713985200,8.1,24.128,c02d,Few clouds,801,NNE,north-northeast,24,5.14,5.14
15.3,58,54,0,14,2024-04-24:20,1.8,113.17,886.84,782.31,386.3,d,0,0.0,996.3,40,1020.5,0,0,778.86414,15.3,2024-04-24T15:00:00,2024-04-24T20:00:00,1713988800,6.6,24.128,c02d,Scattered clouds,802,NNE,north-northeast,13,5.14,5.14
14.9,59,38,0,20,2024-04-24:21,1.8,104.34,841.43,637.26,385.3,d,0,0.0,996.0,41,1020.2,0,0,634.6387,14.9,2024-04-24T16:00:00,2024-04-24T21:00:00,1713992400,3.7,24.128,c02d,Scattered clouds,802,NNE,north-northeast,31,5.14,5.14
13.6,59,59,0,15,2024-04-24:22,1.3,91.21,766.28,457.64,384.3,d,0,0.0,996.3,43,1020.6,0,0,455.24667,13.6,2024-04-24T17:00:00,2024-04-24T22:00:00,1713996000,3.1,24.128,c02d,Scattered clouds,802,ENE,east-northeast,67,5.14,5.14
10.7,61,79,0,10,2024-04-24:23,-1.4,72.1,637.38,262.09,383.4,d,0,0.0,996.7,43,1021.0,0,0,260.37476,10.7,2024-04-24T18:00:00,2024-04-24T23:00:00,1713999600,2.1,24.128,c02d,Scattered clouds,802,ENE,east-northeast,63,5.14,5.14
11.3,53,100,0,5,2024-04-25:00,0.1,41.91,373.55,78.18,382.5,d,0,0.0,997.0,46,1021.5,0,0,77.54855,11.3,2024-04-24T19:00:00,2024-04-25T00:00:00,1714003200,1.1,24.128,c02d,Scattered clouds,802,E,east,81,5.14,5.14
