datetime,timestamp_local,temp,app_temp,clouds,precip,rh,wind_spd,wind_gust_spd,wind_dir,weather,pres,slp,vis,snow
2024-04-18:20,2024-04-18T16:00:00,5.2,0.9,94,0.0,76,6.4,9.3,50,Overcast clouds,1019.5,1019.6,16.0,0
2024-04-18:21,2024-04-18T17:00:00,9.0,9.0,92,0.0,74,6.4,9.8,50,Overcast clouds,1019.0,1019.1,17.488,0
2024-04-18:22,2024-04-18T18:00:00,8.9,8.9,90,0.0,73,6.0,9.0,50,Overcast clouds,1019.5,1019.6,16.992,0
2024-04-18:23,2024-04-18T19:00:00,8.4,8.4,94,0.0,76,5.2,8.1,50,Overcast clouds,1021.0,1021.1,15.8,0
2024-04-19:00,2024-04-18T20:00:00,8.2,8.2,95,0.0,72,5.2,7.7,50,Overcast clouds,1021.0,1021.1,15.696,0
2024-04-19:01,2024-04-18T21:00:00,8.0,8.0,82,0.0,75,5.2,7.6,50,Overcast clouds,1020.5,1020.6,15.8,0
2024-04-19:02,2024-04-18T22:00:00,8.0,8.0,74,0.0,74,4.8,7.2,60,Overcast clouds,1021.0,1021.1,15.696,0
2024-04-19:03,2024-04-18T23:00:00,8.1,8.1,78,0.0,71,4.8,7.2,60,Overcast clouds,1020.5,1020.6,15.896,0
2024-04-19:04,2024-04-19T00:00:00,8.0,8.0,74,0.0,73,4.4,6.8,60,Overcast clouds,1020.5,1020.6,15.696,0
2024-04-19:05,2024-04-19T01:00:00,7.9,7.9,72,0.0,74,4.4,6.4,60,Overcast clouds,1020.5,1020.6,14.496,0
2024-04-19:06,2024-04-19T02:00:00,7.7,7.7,67,0.0,75,4.0,6.0,70,Broken clouds,1020.5,1020.6,13.4,0
2024-04-19:07,2024-04-19T03:00:00,7.6,7.6,65,0.0,75,4.0,6.0,60,Broken clouds,1021.0,1021.1,13.096,0
2024-04-19:08,2024-04-19T04:00:00,7.8,7.8,72,0.0,76,3.6,5.6,60,Overcast clouds,1021.0,1021.1,12.896,0
2024-04-19:09,2024-04-19T05:00:00,7.4,7.4,68,0.0,75,4.0,6.0,60,Broken clouds,1021.5,1021.6,12.896,0
2024-04-19:10,2024-04-19T06:00:00,7.5,7.5,69,0.0,75,3.6,5.6,60,Broken clouds,1021.5,1021.6,12.896,0
2024-04-19:11,2024-04-19T07:00:00,8.0,8.0,73,0.0,74,3.6,5.6,70,Overcast clouds,1022.5,1022.6,13.296,0
2024-04-19:12,2024-04-19T08:00:00,9.1,9.1,68,0.0,70,3.6,5.6,80,Broken clouds,1023.0,1023.1,16.4,0
2024-04-19:13,2024-04-19T09:00:00,9.8,9.8,82,0.0,65,4.0,5.6,80,Overcast clouds,1022.0,1022.1,18.992,0
2024-04-19:14,2024-04-19T10:00:00,10.5,10.5,64,0.0,63,4.0,5.6,90,Broken clouds,1021.5,1021.6,22.0,0
2024-04-19:15,2024-04-19T11:00:00,11.4,11.4,69,0.0,58,4.8,6.0,100,Broken clouds,1021.5,1021.6,23.696,0
2024-04-19:16,2024-04-19T12:00:00,11.8,11.8,79,0.0,59,4.8,6.4,100,Overcast clouds,1020.5,1020.6,24.0,0
2024-04-19:17,2024-04-19T13:00:00,12.1,12.1,85,0.0,60,5.2,7.2,110,Overcast clouds,1020.5,1020.6,24.0,0
2024-04-19:18,2024-04-19T14:00:00,11.9,11.9,89,0.0,61,5.6,7.4,120,Overcast clouds,1020.0,1020.1,24.0,0
2024-04-19:19,2024-04-19T15:00:00,12.1,12.1,86,0.0,63,5.2,7.3,130,Overcast clouds,1020.0,1020.1,24.0,0
2024-04-19:20,2024-04-19T16:00:00,11.5,11.5,85,0.0,65,4.8,7.2,130,Overcast clouds,1020.0,1020.1,24.0,0
2024-04-19:21,2024-04-19T17:00:00,11.2,11.2,91,0.0,68,4.8,6.8,130,Overcast clouds,1019.0,1019.1,20.496,0
2024-04-19:22,2024-04-19T18:00:00,10.8,10.8,79,0.0,71,4.4,6.6,130,Overcast clouds,1018.5,1018.6,19.088,0
2024-04-19:23,2024-04-19T19:00:00,9.9,9.9,66,0.0,77,4.4,6.8,130,Broken clouds,1018.5,1018.6,16.592,0
2024-04-20:00,2024-04-19T20:00:00,9.8,9.8,90,0.0,77,4.4,6.2,140,Overcast clouds,1018.5,1018.6,15.4,0
2024-04-20:01,2024-04-19T21:00:00,9.9,9.9,95,0.0,82,3.6,5.6,140,Overcast clouds,1018.5,1018.6,14.8,0
2024-04-20:02,2024-04-19T22:00:00,9.9,9.9,93,0.0,82,3.6,5.0,150,Overcast clouds,1018.0,1018.1,14.496,0
2024-04-20:03,2024-04-19T23:00:00,9.8,9.8,97,0.25,82,3.2,5.0,150,Overcast clouds,1018.0,1018.1,14.0,0
2024-04-20:04,2024-04-20T00:00:00,10.0,10.0,96,0.5,83,3.2,4.8,160,Overcast clouds,1018.0,1018.1,13.296,0
2024-04-20:05,2024-04-20T01:00:00,10.2,10.2,95,0.25,86,2.8,4.0,160,Overcast clouds,1017.0,1017.1,12.496,0
2024-04-20:06,2024-04-20T02:00:00,9.8,9.8,96,0.0,86,2.4,3.2,170,Overcast clouds,1016.5,1016.6,12.296,0
2024-04-20:07,2024-04-20T03:00:00,9.9,9.9,95,0.0,86,2.4,3.33,200,Overcast clouds,1016.0,1016.1,12.2,0
2024-04-20:08,2024-04-20T04:00:00,10.0,10.0,94,0.0,87,2.4,3.46,230,Overcast clouds,1015.0,1015.1,12.2,0
2024-04-20:09,2024-04-20T05:00:00,10.1,10.1,93,0.0,87,2.4,3.6,260,Overcast clouds,1015.5,1015.6,9.096,0
2024-04-20:10,2024-04-20T06:00:00,10.6,10.6,82,0.08,84,2.53,3.86,266,Overcast clouds,1015.0,1015.1,12.2,0
2024-04-20:11,2024-04-20T07:00:00,11.1,11.1,72,0.16,80,2.66,4.13,273,Overcast clouds,1016.0,1016.1,3.2,0
2024-04-20:12,2024-04-20T08:00:00,11.6,11.6,61,0.25,77,2.8,4.4,280,Broken clouds,1016.5,1016.6,10.896,0
2024-04-20:13,2024-04-20T09:00:00,12.5,12.5,66,0.16,70,3.06,4.53,283,Broken clouds,1012.5,1012.6,24.128,0
2024-04-20:14,2024-04-20T10:00:00,13.5,13.5,71,0.08,62,3.33,4.66,286,Overcast clouds,1012.5,1012.6,24.128,0
2024-04-20:15,2024-04-20T11:00:00,14.5,14.5,76,0.0,55,3.6,4.8,290,Overcast clouds,1012.5,1012.6,24.128,0
2024-04-20:16,2024-04-20T12:00:00,15.0,15.0,70,0.0,51,3.86,5.26,280,Overcast clouds,1011.5,1011.6,24.128,0
2024-04-20:17,2024-04-20T13:00:00,15.6,15.6,65,0.0,48,4.13,5.73,270,Broken clouds,1010.5,1010.6,24.128,0
2024-04-20:18,2024-04-20T14:00:00,16.2,16.2,59,0.0,44,4.4,6.2,260,Broken clouds,1009.5,1009.6,24.128,0
2024-04-20:19,2024-04-20T15:00:00,16.0,16.0,57,0.0,44,5.06,7.23,263,Broken clouds,1009.0,1009.1,24.128,0
2024-04-20:20,2024-04-20T16:00:00,15.9,15.9,56,0.0,43,5.73,8.26,266,Broken clouds,1008.5,1008.6,24.128,0
2024-04-20:21,2024-04-20T17:00:00,15.7,15.7,54,0.0,43,6.4,9.3,270,Broken clouds,1009.0,1009.1,24.128,0
2024-04-20:22,2024-04-20T18:00:00,14.8,14.8,46,0.0,44,6.26,9.26,280,Broken clouds,1009.5,1009.6,24.128,0
2024-04-20:23,2024-04-20T19:00:00,13.8,13.8,38,0.0,46,6.13,9.23,290,Scattered clouds,1010.5,1010.6,24.128,0
2024-04-21:00,2024-04-20T20:00:00,12.8,12.8,30,0.0,47,6.0,9.2,300,Scattered clouds,1011.5,1011.6,24.128,0
2024-04-21:01,2024-04-20T21:00:00,12.1,12.1,24,0.0,48,5.6,8.53,303,Scattered clouds,1013.0,1013.1,24.128,0
2024-04-21:02,2024-04-20T22:00:00,11.3,11.3,17,0.0,49,5.2,7.86,306,Few clouds,1013.5,1013.6,24.128,0
2024-04-21:03,2024-04-20T23:00:00,10.6,10.6,11,0.0,50,4.8,7.2,310,Few clouds,1014.0,1014.1,24.128,0
2024-04-21:04,2024-04-21T00:00:00,9.8,9.8,10,0.0,51,4.8,7.2,313,Few clouds,1014.0,1014.1,24.128,0
2024-04-21:05,2024-04-21T01:00:00,9.0,9.0,9,0.0,52,4.8,7.2,316,Few clouds,1014.5,1014.6,24.128,0
2024-04-21:06,2024-04-21T02:00:00,8.2,8.2,8,0.0,53,4.8,7.2,320,Few clouds,1014.0,1014.1,24.128,0
2024-04-21:07,2024-04-21T03:00:00,7.8,7.8,9,0.0,54,4.53,6.66,316,Few clouds,1014.0,1014.1,24.128,0
2024-04-21:08,2024-04-21T04:00:00,7.4,7.4,11,0.0,56,4.26,6.13,313,Few clouds,1014.0,1014.1,24.128,0
2024-04-21:09,2024-04-21T05:00:00,6.9,4.2,12,0.0,57,4.0,5.6,310,Few clouds,1014.5,1014.6,24.128,0
2024-04-21:10,2024-04-21T06:00:00,7.3,7.3,15,0.0,56,3.86,5.6,306,Few clouds,1015.0,1015.1,24.128,0
2024-04-21:11,2024-04-21T07:00:00,7.6,7.6,17,0.0,54,3.73,5.6,303,Few clouds,1015.5,1015.6,24.128,0
2024-04-21:12,2024-04-21T08:00:00,8.0,8.0,20,0.0,53,3.6,5.6,300,Few clouds,1015.5,1015.6,24.128,0
2024-04-21:13,2024-04-21T09:00:00,9.1,9.1,32,0.0,48,3.86,5.9,293,Scattered clouds,1015.5,1015.6,24.128,0
2024-04-21:14,2024-04-21T10:00:00,10.3,10.3,44,0.0,44,4.13,6.2,286,Broken clouds,1015.5,1015.6,24.128,0
2024-04-21:15,2024-04-21T11:00:00,11.4,11.4,56,0.0,39,4.4,6.5,280,Broken clouds,1015.0,1015.1,24.128,0
2024-04-21:16,2024-04-21T12:00:00,12.2,12.2,58,0.0,38,4.8,7.0,270,Broken clouds,1014.5,1014.6,24.128,0
2024-04-21:17,2024-04-21T13:00:00,12.9,12.9,61,0.0,38,5.2,7.5,260,Broken clouds,1013.5,1013.6,24.128,0
2024-04-21:18,2024-04-21T14:00:00,13.7,13.7,63,0.0,37,5.6,8.0,250,Broken clouds,1012.5,1012.6,24.128,0
2024-04-21:19,2024-04-21T15:00:00,13.6,13.6,68,0.0,38,5.73,8.4,243,Broken clouds,1012.0,1012.1,24.128,0
2024-04-21:20,2024-04-21T16:00:00,13.4,13.4,72,0.0,39,5.86,8.8,236,Overcast clouds,1011.0,1011.1,24.128,0
2024-04-21:21,2024-04-21T17:00:00,13.3,13.3,77,0.0,40,6.0,9.2,230,Overcast clouds,1010.5,1010.6,24.128,0
2024-04-21:22,2024-04-21T18:00:00,12.8,12.8,74,0.0,43,5.86,9.03,236,Overcast clouds,1010.5,1010.6,24.128,0
2024-04-21:23,2024-04-21T19:00:00,12.3,12.3,72,0.0,45,5.73,8.86,243,Overcast clouds,1010.5,1010.6,24.128,0
2024-04-22:00,2024-04-21T20:00:00,11.8,11.8,69,0.0,48,5.6,8.7,250,Broken clouds,1011.5,1011.6,24.128,0
2024-04-22:01,2024-04-21T21:00:00,11.3,11.3,66,0.0,50,5.36,8.26,256,Broken clouds,1012.0,1012.1,24.128,0
2024-04-22:02,2024-04-21T22:00:00,10.8,10.8,63,0.0,53,5.13,7.83,263,Broken clouds,1012.5,1012.6,24.128,0
2024-04-22:03,2024-04-21T23:00:00,10.4,10.4,60,0.0,55,4.9,7.4,270,Broken clouds,1012.0,1012.1,24.128,0
2024-04-22:04,2024-04-22T00:00:00,9.9,9.9,56,0.0,57,4.66,6.96,276,Broken clouds,1012.0,1012.1,24.128,0
2024-04-22:05,2024-04-22T01:00:00,9.4,9.4,53,0.0,60,4.43,6.53,283,Broken clouds,1012.0,1012.1,24.128,0
2024-04-22:06,2024-04-22T02:00:00,8.9,8.9,50,0.0,62,4.2,6.1,290,Broken clouds,1011.5,1011.6,24.128,0
2024-04-22:07,2024-04-22T03:00:00,8.9,8.9,46,0.0,61,4.07,5.98,295,Broken clouds,1012.0,1012.1,24.128,0
2024-04-22:08,2024-04-22T04:00:00,8.9,8.9,42,0.0,61,3.95,5.86,300,Broken clouds,1012.0,1012.1,24.128,0
2024-04-22:09,2024-04-22T05:00:00,8.9,8.9,38,0.0,60,3.83,5.75,305,Scattered clouds,1012.0,1012.1,24.128,0
2024-04-22:10,2024-04-22T06:00:00,8.9,8.9,33,0.0,59,3.7,5.63,310,Scattered clouds,1012.0,1012.1,24.128,0
2024-04-22:11,2024-04-22T07:00:00,8.8,8.8,29,0.0,59,3.58,5.51,315,Scattered clouds,1012.5,1012.6,24.128,0
2024-04-22:12,2024-04-22T08:00:00,8.8,8.8,25,0.0,58,3.46,5.4,320,Scattered clouds,1013.0,1013.1,24.128,0
2024-04-22:13,2024-04-22T09:00:00,10.0,10.0,24,0.0,54,3.65,5.61,305,Scattered clouds,1013.5,1013.6,24.128,0
2024-04-22:14,2024-04-22T10:00:00,11.2,11.2,24,0.0,51,3.84,5.83,290,Scattered clouds,1013.5,1013.6,24.128,0
2024-04-22:15,2024-04-22T11:00:00,12.3,12.3,23,0.0,48,4.03,6.05,275,Scattered clouds,1013.0,1013.1,24.128,0
2024-04-22:16,2024-04-22T12:00:00,13.5,13.5,22,0.0,44,4.22,6.26,260,Scattered clouds,1012.5,1012.6,24.128,0
2024-04-22:17,2024-04-22T13:00:00,14.6,14.6,22,0.0,40,4.4,6.48,245,Scattered clouds,1012.5,1012.6,24.128,0
2024-04-22:18,2024-04-22T14:00:00,15.8,15.8,21,0.0,37,4.6,6.7,230,Scattered clouds,1012.0,1012.1,24.128,0
2024-04-22:19,2024-04-22T15:00:00,15.2,15.2,21,0.0,40,4.62,6.73,223,Scattered clouds,1012.0,1012.1,24.128,0
2024-04-22:20,2024-04-22T16:00:00,14.6,14.6,20,0.0,42,4.64,6.76,216,Scattered clouds,1011.5,1011.6,24.128,0
2024-04-22:21,2024-04-22T17:00:00,14.0,14.0,20,0.0,44,4.66,6.8,210,Few clouds,1012.0,1012.1,24.128,0
2024-04-22:22,2024-04-22T18:00:00,13.4,13.4,20,0.0,47,4.68,6.83,203,Few clouds,1013.0,1013.1,24.128,0
2024-04-22:23,2024-04-22T19:00:00,12.8,12.8,19,0.0,49,4.7,6.86,196,Few clouds,1014.0,1014.1,24.128,0
2024-04-23:00,2024-04-22T20:00:00,12.1,12.1,19,0.0,52,4.73,6.9,190,Few clouds,1015.0,1015.1,24.128,0
2024-04-23:01,2024-04-22T21:00:00,11.7,11.7,18,0.0,54,4.56,6.68,198,Few clouds,1016.0,1016.1,24.128,0
2024-04-23:02,2024-04-22T22:00:00,11.3,11.3,17,0.0,56,4.39,6.46,206,Few clouds,1016.5,1016.6,24.128,0
2024-04-23:03,2024-04-22T23:00:00,10.9,10.9,16,0.0,58,4.23,6.25,215,Few clouds,1016.5,1016.6,24.128,0
2024-04-23:04,2024-04-23T00:00:00,10.5,10.5,16,0.0,61,4.06,6.03,223,Few clouds,1017.0,1017.1,24.128,0
2024-04-23:05,2024-04-23T01:00:00,10.1,10.1,15,0.0,63,3.89,5.81,231,Few clouds,1018.0,1018.1,24.128,0
2024-04-23:06,2024-04-23T02:00:00,9.7,9.7,14,0.0,65,3.73,5.6,240,Few clouds,1018.0,1018.1,24.128,0
2024-04-23:07,2024-04-23T03:00:00,7.8,7.8,35,0.0,68,2.57,3.6,209,Few clouds,1018.0,1018.1,24.128,0
2024-04-18:20,2024-04-18T16:00:00,27.2,26.9,3,0.0,38,2.0,2.9,140,Few clouds,1013.5,1016.2,24.0,0
2024-04-18:21,2024-04-18T17:00:00,31.4,30.8,6,0.0,36,2.0,2.6,100,Few clouds,1012.5,1015.2,24.0,0
2024-04-18:22,2024-04-18T18:00:00,31.3,30.9,19,0.0,37,2.0,2.6,120,Few clouds,1013.0,1015.7,24.0,0
2024-04-18:23,2024-04-18T19:00:00,29.6,29.7,19,0.0,44,3.6,4.5,110,Few clouds,1013.0,1015.8,20.592,0
2024-04-19:00,2024-04-18T20:00:00,27.0,27.7,30,0.0,54,4.0,5.3,110,Scattered clouds,1013.0,1015.8,20.288,0
2024-04-19:01,2024-04-18T21:00:00,25.2,25.4,23,0.0,62,4.0,4.8,110,Scattered clouds,1014.0,1016.8,10.696,0
2024-04-19:02,2024-04-18T22:00:00,24.0,24.3,18,0.0,69,3.2,4.8,120,Few clouds,1014.0,1016.8,19.2,0
2024-04-19:03,2024-04-18T23:00:00,22.9,23.1,21,0.0,73,2.4,3.2,130,Scattered clouds,1014.0,1016.8,21.696,0
2024-04-19:04,2024-04-19T00:00:00,22.4,22.7,12,0.0,76,1.6,2.8,150,Few clouds,1014.0,1016.8,20.8,0
2024-04-19:05,2024-04-19T01:00:00,21.9,22.2,9,0.0,79,1.2,2.0,140,Few clouds,1014.0,1016.8,20.496,0
2024-04-19:06,2024-04-19T02:00:00,21.4,21.7,6,0.0,82,1.2,1.2,140,Few clouds,1014.0,1016.8,19.792,0
2024-04-19:07,2024-04-19T03:00:00,20.8,21.2,5,0.0,85,1.2,1.6,140,Few clouds,1013.5,1016.3,18.992,0
2024-04-19:08,2024-04-19T04:00:00,20.2,20.6,5,0.0,88,1.2,1.6,160,Few clouds,1013.0,1015.8,17.2,0
2024-04-19:09,2024-04-19T05:00:00,20.2,20.6,9,0.0,90,0.8,1.2,210,Few clouds,1013.5,1016.4,15.896,0
2024-04-19:10,2024-04-19T06:00:00,19.9,20.4,15,0.0,91,0.8,1.2,230,Few clouds,1014.0,1016.9,14.496,0
2024-04-19:11,2024-04-19T07:00:00,19.6,20.0,16,0.0,92,0.4,0.8,240,Few clouds,1014.5,1017.4,13.096,0
2024-04-19:12,2024-04-19T08:00:00,20.7,21.2,26,0.0,89,0.4,0.8,240,Scattered clouds,1014.5,1017.4,14.8,0
2024-04-19:13,2024-04-19T09:00:00,23.4,23.8,15,0.0,78,1.2,1.6,300,Few clouds,1015.0,1017.8,20.688,0
2024-04-19:14,2024-04-19T10:00:00,25.7,26.0,19,0.0,67,1.6,1.6,300,Few clouds,1015.0,1017.8,24.0,0
2024-04-19:15,2024-04-19T11:00:00,27.8,29.0,17,0.0,58,1.6,2.4,290,Few clouds,1015.0,1017.8,24.0,0
2024-04-19:16,2024-04-19T12:00:00,29.8,30.7,18,0.0,50,2.0,2.8,290,Few clouds,1014.0,1016.7,24.0,0
2024-04-19:17,2024-04-19T13:00:00,30.9,31.6,5,0.0,45,2.0,3.2,280,Few clouds,1013.0,1015.7,24.0,0
2024-04-19:18,2024-04-19T14:00:00,32.3,32.7,7,0.0,40,2.8,4.2,280,Few clouds,1012.5,1015.2,24.0,0
2024-04-19:19,2024-04-19T15:00:00,32.9,33.2,16,0.0,38,2.8,4.1,290,Few clouds,1012.0,1014.7,24.0,0
2024-04-19:20,2024-04-19T16:00:00,33.1,33.1,17,0.0,36,3.2,4.8,300,Few clouds,1011.5,1014.2,24.0,0
2024-04-19:21,2024-04-19T17:00:00,33.2,33.3,14,0.0,36,3.2,4.4,300,Few clouds,1011.5,1014.2,24.0,0
2024-04-19:22,2024-04-19T18:00:00,32.4,32.3,14,0.0,37,2.8,4.2,300,Few clouds,1011.5,1014.2,24.0,0
2024-04-19:23,2024-04-19T19:00:00,31.1,31.2,16,0.0,41,3.2,4.4,310,Few clouds,1012.0,1014.7,24.0,0
2024-04-20:00,2024-04-19T20:00:00,29.0,29.5,9,0.0,49,3.2,5.0,310,Few clouds,1013.0,1015.8,24.0,0
2024-04-20:01,2024-04-19T21:00:00,27.1,27.9,0,0.0,55,2.4,3.6,330,Clear Sky,1014.0,1016.8,24.0,0
2024-04-20:02,2024-04-19T22:00:00,25.5,25.7,0,0.0,61,2.4,3.8,310,Clear Sky,1014.5,1017.3,24.0,0
2024-04-20:03,2024-04-19T23:00:00,24.2,24.4,0,0.0,65,2.4,3.4,300,Clear Sky,1015.0,1017.8,24.0,0
2024-04-20:04,2024-04-20T00:00:00,23.2,23.4,2,0.0,70,2.4,3.6,290,Few clouds,1015.0,1017.8,20.8,0
2024-04-20:05,2024-04-20T01:00:00,22.6,22.8,1,0.0,73,2.0,3.2,290,Clear Sky,1015.0,1017.8,18.288,0
2024-04-20:06,2024-04-20T02:00:00,21.8,22.1,1,0.0,79,1.6,2.4,290,Clear Sky,1015.0,1017.8,16.0,0
2024-04-20:07,2024-04-20T03:00:00,21.2,21.5,1,0.0,82,1.6,2.4,293,Few clouds,1015.0,1017.9,14.6,0
2024-04-20:08,2024-04-20T04:00:00,20.7,21.0,2,0.0,85,1.6,2.4,296,Few clouds,1015.0,1017.9,13.4,0
2024-04-20:09,2024-04-20T05:00:00,20.1,20.5,2,0.0,88,1.6,2.4,300,Few clouds,1014.5,1017.4,13.0,0
2024-04-20:10,2024-04-20T06:00:00,20.4,20.7,4,0.0,88,1.6,2.4,296,Few clouds,1014.5,1017.4,12.496,0
2024-04-20:11,2024-04-20T07:00:00,20.6,20.9,5,0.0,87,1.6,2.4,293,Few clouds,1015.5,1018.4,12.2,0
2024-04-20:12,2024-04-20T08:00:00,20.8,21.2,7,0.0,87,1.6,2.4,290,Few clouds,1015.5,1018.4,13.2,0
2024-04-20:13,2024-04-20T09:00:00,23.1,23.4,5,0.0,76,1.86,2.66,286,Few clouds,1015.0,1017.8,24.128,0
2024-04-20:14,2024-04-20T10:00:00,25.4,25.7,3,0.0,66,2.13,2.93,283,Few clouds,1015.0,1017.8,24.128,0
2024-04-20:15,2024-04-20T11:00:00,27.7,28.5,1,0.0,55,2.4,3.2,280,Clear Sky,1015.0,1017.8,24.128,0
2024-04-20:16,2024-04-20T12:00:00,29.2,29.8,2,0.0,49,2.93,4.06,273,Few clouds,1014.5,1017.2,24.128,0
2024-04-20:17,2024-04-20T13:00:00,30.7,31.1,2,0.0,44,3.46,4.93,266,Few clouds,1014.0,1016.7,24.128,0
2024-04-20:18,2024-04-20T14:00:00,32.2,32.2,3,0.0,38,4.0,5.8,260,Few clouds,1013.0,1015.7,24.128,0
2024-04-20:19,2024-04-20T15:00:00,32.5,32.5,3,0.0,37,3.86,5.76,263,Few clouds,1012.0,1014.7,24.128,0
2024-04-20:20,2024-04-20T16:00:00,32.9,32.9,4,0.0,36,3.73,5.73,266,Few clouds,1011.0,1013.7,24.128,0
2024-04-20:21,2024-04-20T17:00:00,33.3,33.2,4,0.0,35,3.6,5.7,270,Few clouds,1010.5,1013.2,24.128,0
2024-04-20:22,2024-04-20T18:00:00,31.9,32.0,7,0.0,39,3.46,5.26,276,Few clouds,1010.5,1013.2,24.128,0
2024-04-20:23,2024-04-20T19:00:00,30.6,31.0,11,0.0,44,3.33,4.83,283,Few clouds,1011.0,1013.7,24.128,0
2024-04-21:00,2024-04-20T20:00:00,29.2,29.7,14,0.0,48,3.2,4.4,290,Few clouds,1011.5,1014.3,24.128,0
2024-04-21:01,2024-04-20T21:00:00,27.7,28.4,12,0.0,54,3.06,4.26,290,Few clouds,1012.5,1015.3,24.128,0
2024-04-21:02,2024-04-20T22:00:00,26.1,26.4,11,0.0,60,2.93,4.13,290,Few clouds,1013.5,1016.3,24.128,0
2024-04-21:03,2024-04-20T23:00:00,24.6,24.9,9,0.0,66,2.8,4.0,290,Few clouds,1013.5,1016.3,24.128,0
2024-04-21:04,2024-04-21T00:00:00,23.7,23.9,10,0.0,70,2.66,3.73,286,Few clouds,1013.5,1016.3,24.128,0
2024-04-21:05,2024-04-21T01:00:00,22.8,23.1,11,0.0,75,2.53,3.46,283,Few clouds,1013.5,1016.3,24.128,0
2024-04-21:06,2024-04-21T02:00:00,21.9,22.1,12,0.0,79,2.4,3.2,280,Few clouds,1012.5,1015.3,24.128,0
2024-04-21:07,2024-04-21T03:00:00,21.3,21.6,16,0.0,82,2.13,2.8,280,Few clouds,1011.5,1014.3,24.128,0
2024-04-21:08,2024-04-21T04:00:00,20.7,21.1,20,0.0,86,1.86,2.4,280,Few clouds,1011.5,1014.3,24.128,0
2024-04-21:09,2024-04-21T05:00:00,20.1,20.5,24,0.0,89,1.6,2.0,280,Scattered clouds,1011.5,1014.3,24.128,0
2024-04-21:10,2024-04-21T06:00:00,20.3,20.7,23,0.0,89,1.73,2.4,273,Scattered clouds,1011.5,1014.3,24.128,0
2024-04-21:11,2024-04-21T07:00:00,20.6,21.0,21,0.0,89,1.86,2.8,266,Scattered clouds,1012.0,1014.8,24.128,0
2024-04-21:12,2024-04-21T08:00:00,20.8,21.3,20,0.0,89,2.0,3.2,260,Few clouds,1012.5,1015.3,24.128,0
2024-04-21:13,2024-04-21T09:00:00,23.0,23.4,19,0.0,79,2.53,3.9,253,Few clouds,1012.5,1015.3,24.128,0
2024-04-21:14,2024-04-21T10:00:00,25.2,25.6,17,0.0,69,3.06,4.6,246,Few clouds,1012.5,1015.3,24.128,0
2024-04-21:15,2024-04-21T11:00:00,27.4,28.6,16,0.0,59,3.6,5.3,240,Few clouds,1013.0,1015.8,24.128,0
2024-04-21:16,2024-04-21T12:00:00,28.7,29.8,16,0.0,54,4.4,6.6,240,Few clouds,1012.5,1015.2,24.128,0
2024-04-21:17,2024-04-21T13:00:00,30.0,30.9,17,0.0,49,5.2,7.9,240,Few clouds,1012.0,1014.7,24.128,0
2024-04-21:18,2024-04-21T14:00:00,31.3,31.9,17,0.0,44,6.0,9.2,240,Few clouds,1011.0,1013.7,24.128,0
2024-04-21:19,2024-04-21T15:00:00,31.6,32.2,20,0.0,43,6.26,9.6,243,Few clouds,1010.0,1012.7,24.128,0
2024-04-21:20,2024-04-21T16:00:00,31.9,32.2,23,0.0,41,6.53,10.0,246,Scattered clouds,1009.0,1011.7,24.128,0
2024-04-21:21,2024-04-21T17:00:00,32.1,32.5,26,0.0,40,6.8,10.4,250,Scattered clouds,1008.5,1011.2,24.128,0
2024-04-21:22,2024-04-21T18:00:00,30.8,31.5,33,0.0,45,6.8,10.36,253,Scattered clouds,1008.5,1011.2,24.128,0
2024-04-21:23,2024-04-21T19:00:00,29.5,30.2,40,0.0,49,6.8,10.33,256,Scattered clouds,1009.0,1011.7,24.128,0
2024-04-22:00,2024-04-21T20:00:00,28.2,29.1,47,0.0,54,6.8,10.3,260,Broken clouds,1009.5,1012.3,24.128,0
2024-04-22:01,2024-04-21T21:00:00,27.2,28.3,46,0.0,60,6.36,9.6,255,Broken clouds,1010.5,1013.3,24.128,0
2024-04-22:02,2024-04-21T22:00:00,26.2,26.6,46,0.0,65,5.93,8.9,250,Broken clouds,1011.0,1013.8,24.128,0
2024-04-22:03,2024-04-21T23:00:00,25.2,25.6,46,0.0,70,5.5,8.2,245,Broken clouds,1011.0,1013.8,24.128,0
2024-04-22:04,2024-04-22T00:00:00,24.2,24.6,45,0.0,76,5.06,7.5,240,Broken clouds,1011.0,1013.8,24.128,0
2024-04-22:05,2024-04-22T01:00:00,23.1,23.7,44,0.0,82,4.63,6.8,235,Broken clouds,1011.0,1013.8,24.128,0
2024-04-22:06,2024-04-22T02:00:00,22.1,22.7,44,0.0,87,4.2,6.1,230,Broken clouds,1010.0,1012.8,24.128,0
2024-04-22:07,2024-04-22T03:00:00,22.1,22.6,44,0.0,88,4.21,6.11,230,Broken clouds,1010.0,1012.8,24.128,0
2024-04-22:08,2024-04-22T04:00:00,22.0,22.6,45,0.0,89,4.22,6.13,230,Broken clouds,1009.5,1012.3,24.128,0
2024-04-22:09,2024-04-22T05:00:00,21.9,22.5,45,0.0,90,4.23,6.15,230,Broken clouds,1009.5,1012.3,24.128,0
2024-04-22:10,2024-04-22T06:00:00,21.8,22.4,45,0.0,90,4.24,6.16,230,Broken clouds,1009.5,1012.3,24.128,0
2024-04-22:11,2024-04-22T07:00:00,21.7,22.3,46,0.0,91,4.25,6.18,230,Broken clouds,1010.0,1012.8,24.128,0
2024-04-22:12,2024-04-22T08:00:00,21.6,22.3,46,0.0,92,4.27,6.2,230,Broken clouds,1011.0,1013.8,24.128,0
2024-04-22:13,2024-04-22T09:00:00,22.9,23.4,43,0.04,86,4.72,6.88,236,Broken clouds,1011.0,1013.8,24.128,0
2024-04-22:14,2024-04-22T10:00:00,24.1,24.6,40,0.08,79,5.18,7.56,243,Broken clouds,1011.0,1013.8,9.464,0
2024-04-22:15,2024-04-22T11:00:00,25.3,25.8,38,0.12,73,5.63,8.25,250,Scattered clouds,1011.5,1014.3,7.236,0
2024-04-22:16,2024-04-22T12:00:00,26.6,27.0,35,0.16,67,6.09,8.93,256,Scattered clouds,1011.5,1014.3,13.504,0
2024-04-22:17,2024-04-22T13:00:00,27.8,29.1,32,0.2,60,6.54,9.61,263,Scattered clouds,1011.0,1013.8,24.128,0
2024-04-22:18,2024-04-22T14:00:00,29.0,30.2,29,0.25,54,7.0,10.3,270,Scattered clouds,1011.0,1013.8,23.264,0
2024-04-22:19,2024-04-22T15:00:00,28.5,29.6,28,0.25,56,6.82,10.0,278,Scattered clouds,1010.0,1012.8,18.112,0
2024-04-22:20,2024-04-22T16:00:00,27.9,29.1,28,0.25,58,6.64,9.7,286,Scattered clouds,1009.0,1011.8,24.128,0
2024-04-22:21,2024-04-22T17:00:00,27.4,28.6,28,0.25,60,6.46,9.4,295,Scattered clouds,1009.0,1011.8,24.128,0
2024-04-22:22,2024-04-22T18:00:00,26.8,27.9,27,0.25,61,6.28,9.1,303,Scattered clouds,1009.5,1012.3,24.128,0
2024-04-22:23,2024-04-22T19:00:00,26.3,26.6,26,0.25,63,6.1,8.8,311,Scattered clouds,1010.5,1013.3,24.128,0
2024-04-23:00,2024-04-22T20:00:00,25.7,26.1,26,0.25,65,5.93,8.5,320,Scattered clouds,1011.0,1013.8,24.128,0
2024-04-23:01,2024-04-22T21:00:00,24.9,25.3,25,0.2,69,5.56,8.01,270,Scattered clouds,1012.5,1015.3,24.128,0
2024-04-23:02,2024-04-22T22:00:00,24.1,24.5,24,0.16,72,5.19,7.53,220,Scattered clouds,1013.5,1016.3,24.128,0
2024-04-23:03,2024-04-22T23:00:00,23.3,23.7,24,0.12,76,4.83,7.05,170,Scattered clouds,1014.0,1016.9,24.128,0
2024-04-23:04,2024-04-23T00:00:00,22.5,22.9,23,0.08,80,4.46,6.56,120,Scattered clouds,1014.0,1016.9,24.128,0
2024-04-23:05,2024-04-23T01:00:00,21.7,22.1,22,0.04,83,4.09,6.08,70,Scattered clouds,1014.0,1016.9,24.128,0
2024-04-23:06,2024-04-23T02:00:00,20.9,21.4,21,0.0,87,3.73,5.6,20,Scattered clouds,1014.0,1016.9,24.128,0
2024-04-23:07,2024-04-23T03:00:00,18.2,18.2,52,0.0,86,2.57,7.3,349,Few clouds,1013.5,1016.4,24.128,0
2024-04-18:20,2024-04-18T15:00:00,10.4,10.4,75,0.0,57,3.2,4.1,80,Overcast clouds,991.5,1015.5,24.0,0
2024-04-18:21,2024-04-18T16:00:00,13.8,13.8,82,0.0,57,4.0,4.6,60,Overcast clouds,991.5,1015.5,24.0,0
2024-04-18:22,2024-04-18T17:00:00,12.9,12.9,92,0.0,59,4.0,5.0,50,Overcast clouds,991.5,1015.5,24.0,0
2024-04-18:23,2024-04-18T18:00:00,12.0,12.0,90,0.0,61,4.4,5.3,30,Overcast clouds,991.0,1015.0,24.0,0
2024-04-19:00,2024-04-18T19:00:00,11.0,11.0,91,0.5,70,4.4,5.7,20,Overcast clouds,991.5,1015.7,19.6,0
2024-04-19:01,2024-04-18T20:00:00,10.0,10.0,91,1.77,77,3.6,5.2,10,Light shower rain,992.0,1016.4,4.1,0
2024-04-19:02,2024-04-18T21:00:00,9.6,9.6,93,2.03,80,4.0,5.6,10,Light shower rain,990.5,1014.8,12.8,0
2024-04-19:03,2024-04-18T22:00:00,9.7,9.7,93,2.03,83,3.6,5.6,10,Light shower rain,991.5,1015.9,6.5,0
2024-04-19:04,2024-04-18T23:00:00,9.2,9.2,91,1.01,85,4.0,5.6,360,Light shower rain,991.5,1015.9,14.0,0
2024-04-19:05,2024-04-19T00:00:00,9.5,9.5,87,0.5,84,4.0,6.0,340,Overcast clouds,992.0,1016.5,14.296,0
2024-04-19:06,2024-04-19T01:00:00,8.9,8.9,82,0.0,83,5.2,8.0,330,Overcast clouds,993.0,1017.6,19.296,0
2024-04-19:07,2024-04-19T02:00:00,8.4,8.4,60,0.0,83,5.6,8.4,330,Broken clouds,993.0,1017.6,19.088,0
2024-04-19:08,2024-04-19T03:00:00,7.8,7.8,41,0.0,80,5.6,8.4,320,Broken clouds,993.5,1018.2,20.592,0
2024-04-19:09,2024-04-19T04:00:00,7.0,3.2,9,0.0,76,6.4,9.6,320,Few clouds,994.0,1018.9,20.4,0
2024-04-19:10,2024-04-19T05:00:00,5.9,2.1,3,0.0,74,6.0,8.8,320,Few clouds,995.5,1020.5,19.2,0
2024-04-19:11,2024-04-19T06:00:00,5.6,2.0,3,0.0,73,5.2,8.0,310,Few clouds,996.0,1021.1,18.288,0
2024-04-19:12,2024-04-19T07:00:00,5.5,2.1,4,0.0,68,4.8,7.6,310,Few clouds,996.0,1021.1,20.4,0
2024-04-19:13,2024-04-19T08:00:00,6.2,2.9,2,0.0,62,4.8,7.2,310,Few clouds,996.5,1021.6,24.0,0
2024-04-19:14,2024-04-19T09:00:00,7.7,7.7,2,0.0,54,5.6,8.8,300,Few clouds,996.5,1021.5,24.0,0
2024-04-19:15,2024-04-19T10:00:00,9.0,9.0,8,0.0,46,6.4,9.6,300,Few clouds,996.0,1020.8,24.0,0
2024-04-19:16,2024-04-19T11:00:00,10.2,10.2,3,0.0,43,7.2,10.4,290,Few clouds,996.5,1021.3,24.0,0
2024-04-19:17,2024-04-19T12:00:00,11.3,11.3,6,0.0,40,7.6,11.2,290,Few clouds,996.5,1021.2,24.0,0
2024-04-19:18,2024-04-19T13:00:00,12.3,12.3,2,0.0,37,8.4,12.6,280,Few clouds,996.0,1020.5,24.0,0
2024-04-19:19,2024-04-19T14:00:00,12.9,12.9,3,0.0,36,8.4,12.5,280,Few clouds,996.5,1021.0,24.0,0
2024-04-19:20,2024-04-19T15:00:00,13.1,13.1,4,0.0,36,8.8,13.2,280,Few clouds,996.0,1020.4,24.0,0
2024-04-19:21,2024-04-19T16:00:00,13.6,13.6,4,0.0,35,8.8,13.2,280,Few clouds,995.5,1019.9,24.0,0
2024-04-19:22,2024-04-19T17:00:00,13.2,13.2,18,0.0,35,8.0,12.2,280,Few clouds,995.5,1019.9,24.0,0
2024-04-19:23,2024-04-19T18:00:00,12.7,12.7,25,0.0,37,8.0,12.0,280,Scattered clouds,996.0,1020.5,24.0,0
2024-04-20:00,2024-04-19T19:00:00,11.8,11.8,53,0.0,38,7.2,11.0,280,Broken clouds,996.5,1021.1,24.0,0
2024-04-20:01,2024-04-19T20:00:00,10.7,10.7,34,0.0,43,5.6,8.4,290,Scattered clouds,997.0,1021.8,24.0,0
2024-04-20:02,2024-04-19T21:00:00,9.5,9.5,30,0.0,46,5.6,8.2,290,Scattered clouds,997.5,1022.4,24.0,0
2024-04-20:03,2024-04-19T22:00:00,8.6,8.6,23,0.0,48,5.2,7.8,290,Scattered clouds,998.5,1023.6,24.0,0
2024-04-20:04,2024-04-19T23:00:00,7.6,7.6,16,0.0,51,5.2,7.6,300,Few clouds,999.0,1024.2,24.0,0
2024-04-20:05,2024-04-20T00:00:00,6.6,3.3,13,0.0,53,5.2,7.6,300,Few clouds,999.0,1024.2,24.0,0
2024-04-20:06,2024-04-20T01:00:00,6.2,3.1,35,0.0,55,4.4,6.8,300,Scattered clouds,999.0,1024.3,24.0,0
2024-04-20:07,2024-04-20T02:00:00,5.6,2.5,33,0.0,56,4.26,6.53,296,Scattered clouds,999.0,1024.3,24.0,0
2024-04-20:08,2024-04-20T03:00:00,5.1,1.9,32,0.0,56,4.13,6.26,293,Scattered clouds,999.5,1024.9,22.4,0
2024-04-20:09,2024-04-20T04:00:00,4.5,1.3,30,0.0,57,4.0,6.0,290,Scattered clouds,999.5,1024.9,21.6,0
2024-04-20:10,2024-04-20T05:00:00,4.2,0.9,27,0.0,57,4.0,6.0,286,Scattered clouds,999.0,1024.4,20.496,0
2024-04-20:11,2024-04-20T06:00:00,3.9,0.5,23,0.0,58,4.0,6.0,283,Scattered clouds,999.0,1024.5,19.2,0
2024-04-20:12,2024-04-20T07:00:00,3.6,0.1,20,0.0,58,4.0,6.0,280,Few clouds,999.5,1024.9,19.6,0
2024-04-20:13,2024-04-20T08:00:00,4.7,1.1,20,0.0,54,4.66,7.06,283,Few clouds,995.5,1020.5,24.128,0
2024-04-20:14,2024-04-20T09:00:00,5.8,2.1,20,0.0,50,5.33,8.13,286,Few clouds,996.0,1021.0,24.128,0
2024-04-20:15,2024-04-20T10:00:00,6.9,3.3,20,0.0,46,6.0,9.2,290,Few clouds,996.0,1020.9,24.128,0
2024-04-20:16,2024-04-20T11:00:00,7.7,7.7,27,0.0,44,6.0,9.13,290,Scattered clouds,996.0,1020.8,24.128,0
2024-04-20:17,2024-04-20T12:00:00,8.5,8.5,33,0.0,42,6.0,9.06,290,Scattered clouds,995.5,1020.2,24.128,0
2024-04-20:18,2024-04-20T13:00:00,9.4,9.4,40,0.0,40,6.0,9.0,290,Scattered clouds,995.5,1020.1,24.128,0
2024-04-20:19,2024-04-20T14:00:00,9.6,9.6,43,0.0,40,5.86,8.83,293,Broken clouds,995.0,1019.5,24.128,0
2024-04-20:20,2024-04-20T15:00:00,9.9,9.9,47,0.0,39,5.73,8.66,296,Broken clouds,994.5,1018.9,24.128,0
2024-04-20:21,2024-04-20T16:00:00,10.1,10.1,50,0.0,39,5.6,8.5,300,Broken clouds,994.5,1019.0,24.128,0
2024-04-20:22,2024-04-20T17:00:00,9.8,9.8,56,0.0,40,5.06,7.8,300,Broken clouds,994.0,1018.5,24.128,0
2024-04-20:23,2024-04-20T18:00:00,9.5,9.5,63,0.0,40,4.53,7.1,300,Broken clouds,994.0,1018.6,24.128,0
2024-04-21:00,2024-04-20T19:00:00,9.2,9.2,69,0.0,41,4.0,6.4,300,Broken clouds,994.5,1019.1,24.128,0
2024-04-21:01,2024-04-20T20:00:00,8.5,8.5,68,0.0,44,3.6,5.6,300,Broken clouds,994.5,1019.2,24.128,0
2024-04-21:02,2024-04-20T21:00:00,7.8,7.8,66,0.0,47,3.2,4.8,300,Broken clouds,995.0,1019.8,24.128,0
2024-04-21:03,2024-04-20T22:00:00,7.0,5.1,65,0.0,50,2.8,4.0,300,Broken clouds,995.5,1020.3,24.128,0
2024-04-21:04,2024-04-20T23:00:00,6.4,4.3,55,0.0,53,2.8,4.13,296,Broken clouds,995.5,1020.4,24.128,0
2024-04-21:05,2024-04-21T00:00:00,5.7,3.5,45,0.0,56,2.8,4.26,293,Broken clouds,995.0,1019.9,24.128,0
2024-04-21:06,2024-04-21T01:00:00,5.0,2.7,35,0.0,59,2.8,4.4,290,Scattered clouds,995.0,1020.0,24.128,0
2024-04-21:07,2024-04-21T02:00:00,4.6,2.2,31,0.0,61,2.8,4.4,286,Scattered clouds,994.5,1019.5,24.128,0
2024-04-21:08,2024-04-21T03:00:00,4.2,1.6,28,0.0,63,2.8,4.4,283,Scattered clouds,994.0,1019.0,24.128,0
2024-04-21:09,2024-04-21T04:00:00,3.7,1.1,24,0.0,65,2.8,4.4,280,Scattered clouds,994.5,1019.6,24.128,0
2024-04-21:10,2024-04-21T05:00:00,3.5,0.7,18,0.0,66,3.06,4.8,280,Few clouds,994.0,1019.1,24.128,0
2024-04-21:11,2024-04-21T06:00:00,3.4,0.3,12,0.0,66,3.33,5.2,280,Few clouds,994.5,1019.6,24.128,0
2024-04-21:12,2024-04-21T07:00:00,3.2,-0.1,6,0.0,67,3.6,5.6,280,Few clouds,994.5,1019.6,24.128,0
2024-04-21:13,2024-04-21T08:00:00,5.1,2.1,6,0.0,60,3.86,6.03,280,Few clouds,994.5,1019.4,24.128,0
2024-04-21:14,2024-04-21T09:00:00,7.1,4.3,5,0.0,52,4.13,6.46,280,Few clouds,994.5,1019.2,24.128,0
2024-04-21:15,2024-04-21T10:00:00,9.0,9.0,5,0.0,45,4.4,6.9,280,Few clouds,994.5,1019.1,24.128,0
2024-04-21:16,2024-04-21T11:00:00,10.3,10.3,5,0.0,42,4.66,7.26,280,Few clouds,994.5,1019.0,24.128,0
2024-04-21:17,2024-04-21T12:00:00,11.6,11.6,4,0.0,39,4.93,7.63,280,Few clouds,994.0,1018.4,24.128,0
2024-04-21:18,2024-04-21T13:00:00,12.8,12.8,4,0.0,36,5.2,8.0,280,Few clouds,993.0,1017.2,24.128,0
2024-04-21:19,2024-04-21T14:00:00,13.3,13.3,4,0.0,35,5.33,8.13,276,Few clouds,992.5,1016.7,24.128,0
2024-04-21:20,2024-04-21T15:00:00,13.7,13.7,3,0.0,35,5.46,8.26,273,Few clouds,991.5,1015.6,24.128,0
2024-04-21:21,2024-04-21T16:00:00,14.2,14.2,3,0.0,34,5.6,8.4,270,Few clouds,991.0,1015.1,24.128,0
2024-04-21:22,2024-04-21T17:00:00,13.8,13.8,3,0.0,35,5.6,8.36,270,Few clouds,991.0,1015.1,24.128,0
2024-04-21:23,2024-04-21T18:00:00,13.4,13.4,3,0.0,36,5.6,8.33,270,Few clouds,990.5,1014.6,24.128,0
2024-04-22:00,2024-04-21T19:00:00,13.0,13.0,3,0.0,37,5.6,8.3,270,Few clouds,990.5,1014.7,24.128,0
2024-04-22:01,2024-04-21T20:00:00,12.0,12.0,3,0.0,41,5.3,7.86,268,Few clouds,991.0,1015.3,24.128,0
2024-04-22:02,2024-04-21T21:00:00,11.0,11.0,3,0.0,44,5.0,7.43,266,Few clouds,991.5,1015.9,24.128,0
2024-04-22:03,2024-04-21T22:00:00,10.0,10.0,4,0.0,48,4.7,7.0,265,Few clouds,991.5,1016.0,24.128,0
2024-04-22:04,2024-04-21T23:00:00,9.0,9.0,4,0.0,52,4.4,6.56,263,Few clouds,991.5,1016.0,24.128,0
2024-04-22:05,2024-04-22T00:00:00,7.9,7.9,4,0.0,55,4.1,6.13,261,Few clouds,991.5,1016.1,24.128,0
2024-04-22:06,2024-04-22T01:00:00,6.9,4.3,4,0.0,59,3.8,5.7,260,Few clouds,991.0,1015.6,24.128,0
2024-04-22:07,2024-04-22T02:00:00,6.6,4.0,4,0.0,60,3.74,5.65,258,Few clouds,991.0,1015.7,24.128,0
2024-04-22:08,2024-04-22T03:00:00,6.4,3.7,5,0.0,62,3.68,5.6,256,Few clouds,991.0,1015.7,24.128,0
2024-04-22:09,2024-04-22T04:00:00,6.1,3.4,5,0.0,63,3.63,5.55,255,Few clouds,991.0,1015.7,24.128,0
2024-04-22:10,2024-04-22T05:00:00,5.8,3.1,5,0.0,64,3.57,5.5,253,Few clouds,990.5,1015.2,24.128,0
2024-04-22:11,2024-04-22T06:00:00,5.5,2.8,6,0.0,66,3.51,5.45,251,Few clouds,991.0,1015.8,24.128,0
2024-04-22:12,2024-04-22T07:00:00,5.2,2.5,6,0.0,67,3.46,5.4,250,Few clouds,991.0,1015.7,24.128,0
2024-04-22:13,2024-04-22T08:00:00,7.1,4.6,11,0.0,61,3.78,5.88,245,Few clouds,991.5,1016.1,24.128,0
2024-04-22:14,2024-04-22T09:00:00,9.0,9.0,16,0.0,56,4.1,6.36,240,Few clouds,991.5,1015.9,24.128,0
2024-04-22:15,2024-04-22T10:00:00,10.9,10.9,21,0.0,50,4.43,6.85,235,Scattered clouds,991.5,1015.7,24.128,0
2024-04-22:16,2024-04-22T11:00:00,12.8,12.8,26,0.0,45,4.75,7.33,230,Scattered clouds,991.0,1015.1,24.128,0
2024-04-22:17,2024-04-22T12:00:00,14.7,14.7,31,0.0,40,5.07,7.81,225,Scattered clouds,990.0,1014.0,24.128,0
2024-04-22:18,2024-04-22T13:00:00,16.6,16.6,36,0.0,34,5.4,8.3,220,Scattered clouds,989.5,1013.4,24.128,0
2024-04-22:19,2024-04-22T14:00:00,16.4,16.4,44,0.0,34,5.42,8.33,218,Broken clouds,988.5,1012.3,24.128,0
2024-04-22:20,2024-04-22T15:00:00,16.3,16.3,51,0.0,35,5.44,8.36,216,Broken clouds,988.0,1011.8,24.128,0
2024-04-22:21,2024-04-22T16:00:00,16.2,16.2,59,0.0,36,5.46,8.4,215,Broken clouds,987.0,1010.8,24.128,0
2024-04-22:22,2024-04-22T17:00:00,16.0,16.0,67,0.0,36,5.48,8.43,213,Broken clouds,987.0,1010.9,24.128,0
2024-04-22:23,2024-04-22T18:00:00,15.9,15.9,74,0.0,36,5.5,8.46,211,Overcast clouds,987.0,1010.9,24.128,0
2024-04-23:00,2024-04-22T19:00:00,15.7,15.7,82,0.0,37,5.53,8.5,210,Overcast clouds,986.5,1010.4,24.128,0
2024-04-23:01,2024-04-22T20:00:00,15.2,15.2,84,0.04,40,5.63,8.61,206,Overcast clouds,987.0,1011.0,24.128,0
2024-04-23:02,2024-04-22T21:00:00,14.7,14.7,85,0.08,43,5.73,8.73,203,Overcast clouds,987.0,1011.1,24.128,0
2024-04-23:03,2024-04-22T22:00:00,14.1,14.1,86,0.12,46,5.83,8.85,200,Overcast clouds,986.0,1010.0,24.128,0
2024-04-23:04,2024-04-22T23:00:00,13.6,13.6,88,0.16,49,5.93,8.96,196,Overcast clouds,985.5,1009.5,24.128,0
2024-04-23:05,2024-04-23T00:00:00,13.1,13.1,90,0.2,52,6.03,9.08,193,Overcast clouds,984.5,1008.5,24.128,0
2024-04-23:06,2024-04-23T01:00:00,12.5,12.5,91,0.25,55,6.13,9.2,190,Overcast clouds,983.5,1007.5,24.128,0
2024-04-23:07,2024-04-23T02:00:00,10.8,10.8,67,0.0,55,4.63,13.9,201,Scattered clouds,983.0,1007.0,24.128,0
2024-04-18:20,2024-04-18T16:00:00,4.8,2.1,87,0.0,76,3.2,4.9,90,Overcast clouds,1002.0,1017.4,12.4,0
2024-04-18:21,2024-04-18T17:00:00,12.6,12.6,91,0.76,77,3.2,4.2,70,Drizzle,1002.5,1017.9,12.496,0
2024-04-18:22,2024-04-18T18:00:00,12.1,12.1,88,0.5,77,3.6,4.2,80,Overcast clouds,1003.5,1018.9,12.4,0
2024-04-18:23,2024-04-18T19:00:00,11.6,11.6,92,0.25,78,3.2,4.1,80,Overcast clouds,1003.5,1018.9,12.496,0
2024-04-19:00,2024-04-18T20:00:00,11.0,11.0,89,0.0,80,2.8,4.1,90,Overcast clouds,1003.5,1019.0,12.696,0
2024-04-19:01,2024-04-18T21:00:00,10.8,10.8,83,0.0,81,2.8,4.0,90,Overcast clouds,1003.5,1019.0,13.096,0
2024-04-19:02,2024-04-18T22:00:00,10.4,10.4,87,0.0,80,2.8,4.0,100,Overcast clouds,1003.5,1019.0,13.2,0
2024-04-19:03,2024-04-18T23:00:00,10.4,10.4,79,0.0,79,2.8,4.4,100,Overcast clouds,1002.5,1018.0,13.2,0
2024-04-19:04,2024-04-19T00:00:00,10.0,10.0,84,0.0,79,3.2,4.8,100,Overcast clouds,1001.5,1017.0,14.0,0
2024-04-19:05,2024-04-19T01:00:00,9.9,9.9,86,0.0,80,3.6,5.2,100,Overcast clouds,1002.0,1017.5,14.296,0
2024-04-19:06,2024-04-19T02:00:00,9.7,9.7,85,0.0,80,3.6,5.2,120,Overcast clouds,1002.5,1018.0,14.2,0
2024-04-19:07,2024-04-19T03:00:00,9.6,9.6,80,0.0,79,3.6,5.6,120,Overcast clouds,1003.0,1018.5,14.8,0
2024-04-19:08,2024-04-19T04:00:00,9.4,9.4,79,0.0,79,3.6,5.6,120,Overcast clouds,1003.0,1018.5,15.096,0
2024-04-19:09,2024-04-19T05:00:00,9.0,9.0,73,0.0,79,4.8,6.8,120,Overcast clouds,1002.5,1018.0,15.2,0
2024-04-19:10,2024-04-19T06:00:00,9.1,9.1,62,0.0,77,5.2,7.6,130,Broken clouds,1002.5,1018.0,15.296,0
2024-04-19:11,2024-04-19T07:00:00,9.2,9.2,59,0.0,76,5.6,8.0,130,Broken clouds,1002.0,1017.5,15.296,0
2024-04-19:12,2024-04-19T08:00:00,9.9,9.9,65,0.0,74,6.0,9.2,140,Broken clouds,1001.5,1017.0,16.992,0
2024-04-19:13,2024-04-19T09:00:00,11.4,11.4,74,0.0,68,6.4,9.6,150,Overcast clouds,1000.5,1015.9,18.288,0
2024-04-19:14,2024-04-19T10:00:00,12.5,12.5,80,0.0,64,6.4,9.6,150,Overcast clouds,1000.5,1015.8,19.296,0
2024-04-19:15,2024-04-19T11:00:00,13.8,13.8,87,0.0,60,7.2,10.8,150,Overcast clouds,1000.0,1015.3,19.888,0
2024-04-19:16,2024-04-19T12:00:00,14.6,14.6,89,0.0,58,7.2,11.2,160,Overcast clouds,999.5,1014.8,20.592,0
2024-04-19:17,2024-04-19T13:00:00,15.7,15.7,57,0.0,56,8.0,12.0,160,Broken clouds,997.5,1012.6,22.592,0
2024-04-19:18,2024-04-19T14:00:00,16.3,16.3,84,0.5,55,9.2,14.2,170,Overcast clouds,996.0,1011.2,13.296,0
2024-04-19:19,2024-04-19T15:00:00,16.1,16.1,86,0.76,57,9.2,13.7,180,Drizzle,996.0,1011.2,4.4,0
2024-04-19:20,2024-04-19T16:00:00,15.9,15.9,84,0.76,58,9.6,14.4,180,Drizzle,996.0,1011.2,16.592,0
2024-04-19:21,2024-04-19T17:00:00,15.6,15.6,76,0.25,60,9.6,14.4,200,Overcast clouds,995.5,1010.7,17.792,0
2024-04-19:22,2024-04-19T18:00:00,15.2,15.2,83,0.25,61,8.0,11.8,210,Overcast clouds,997.0,1012.3,5.3,0
2024-04-19:23,2024-04-19T19:00:00,14.3,14.3,86,0.76,65,6.8,10.0,230,Drizzle,998.0,1013.3,10.096,0
2024-04-20:00,2024-04-19T20:00:00,13.4,13.4,81,0.76,70,5.6,8.6,230,Drizzle,999.0,1014.4,13.6,0
2024-04-20:01,2024-04-19T21:00:00,12.3,12.3,68,0.5,71,5.2,8.0,260,Broken clouds,999.5,1014.9,18.8,0
2024-04-20:02,2024-04-19T22:00:00,11.5,11.5,65,0.25,72,5.6,8.6,260,Broken clouds,1000.0,1015.5,20.896,0
2024-04-20:03,2024-04-19T23:00:00,11.0,11.0,63,0.0,73,5.6,8.2,270,Broken clouds,1001.0,1016.6,21.792,0
2024-04-20:04,2024-04-20T00:00:00,10.0,10.0,67,0.0,73,5.2,8.0,270,Broken clouds,1002.0,1017.7,20.8,0
2024-04-20:05,2024-04-20T01:00:00,9.4,9.4,75,0.0,73,5.2,7.6,280,Overcast clouds,1002.0,1017.7,19.392,0
2024-04-20:06,2024-04-20T02:00:00,8.6,8.6,59,0.0,71,5.6,8.0,280,Broken clouds,1001.5,1017.2,18.8,0
2024-04-20:07,2024-04-20T03:00:00,8.0,8.0,59,0.0,69,5.33,7.73,273,Broken clouds,1001.5,1017.2,19.6,0
2024-04-20:08,2024-04-20T04:00:00,7.5,7.5,59,0.0,68,5.06,7.46,266,Broken clouds,1001.5,1017.2,19.088,0
2024-04-20:09,2024-04-20T05:00:00,6.9,3.8,59,0.0,66,4.8,7.2,260,Broken clouds,1002.0,1017.8,18.192,0
2024-04-20:10,2024-04-20T06:00:00,7.1,4.1,52,0.0,64,4.8,7.2,256,Broken clouds,1001.5,1017.3,17.888,0
2024-04-20:11,2024-04-20T07:00:00,7.3,7.3,45,0.0,62,4.8,7.2,253,Broken clouds,1001.5,1017.3,18.592,0
2024-04-20:12,2024-04-20T08:00:00,7.6,7.6,38,0.0,60,4.8,7.2,250,Scattered clouds,1002.0,1017.8,20.0,0
2024-04-20:13,2024-04-20T09:00:00,8.5,8.5,46,0.0,55,5.73,8.53,253,Broken clouds,997.5,1013.0,24.128,0
2024-04-20:14,2024-04-20T10:00:00,9.5,9.5,53,0.0,49,6.66,9.86,256,Broken clouds,997.0,1012.5,24.128,0
2024-04-20:15,2024-04-20T11:00:00,10.5,10.5,61,0.0,44,7.6,11.2,260,Broken clouds,997.0,1012.5,23.92,0
2024-04-20:16,2024-04-20T12:00:00,10.5,10.5,66,0.0,44,7.86,11.4,266,Broken clouds,997.0,1012.5,9.84,0
2024-04-20:17,2024-04-20T13:00:00,10.5,10.5,70,0.0,43,8.13,11.6,273,Overcast clouds,997.0,1012.6,10.816,0
2024-04-20:18,2024-04-20T14:00:00,10.6,10.6,75,0.0,43,8.4,11.8,280,Overcast clouds,997.0,1012.6,17.504,0
2024-04-20:19,2024-04-20T15:00:00,10.4,10.4,69,0.0,42,8.53,11.9,280,Broken clouds,996.5,1012.0,17.472,0
2024-04-20:20,2024-04-20T16:00:00,10.3,10.3,63,0.0,41,8.66,12.0,280,Broken clouds,996.5,1012.0,21.296,0
2024-04-20:21,2024-04-20T17:00:00,10.1,10.1,57,0.0,40,8.8,12.1,280,Broken clouds,997.0,1012.5,24.128,0
2024-04-20:22,2024-04-20T18:00:00,9.2,9.2,47,0.0,43,8.13,11.4,280,Broken clouds,997.5,1013.0,24.128,0
2024-04-20:23,2024-04-20T19:00:00,8.2,8.2,36,0.0,45,7.46,10.7,280,Scattered clouds,997.5,1013.1,24.128,0
2024-04-21:00,2024-04-20T20:00:00,7.2,7.2,26,0.0,48,6.8,10.0,280,Scattered clouds,998.0,1013.7,24.128,0
2024-04-21:01,2024-04-20T21:00:00,6.6,2.9,28,0.0,51,6.26,9.2,280,Scattered clouds,998.5,1014.2,24.128,0
2024-04-21:02,2024-04-20T22:00:00,6.0,2.3,29,0.0,53,5.73,8.4,280,Scattered clouds,999.0,1014.7,24.128,0
2024-04-21:03,2024-04-20T23:00:00,5.4,1.8,31,0.0,56,5.2,7.6,280,Scattered clouds,998.5,1014.3,24.128,0
2024-04-21:04,2024-04-21T00:00:00,4.9,1.3,32,0.0,58,4.8,7.06,276,Scattered clouds,998.5,1014.3,24.128,0
2024-04-21:05,2024-04-21T01:00:00,4.4,0.9,34,0.0,61,4.4,6.53,273,Scattered clouds,998.5,1014.4,24.128,0
2024-04-21:06,2024-04-21T02:00:00,3.9,0.5,35,0.0,63,4.0,6.0,270,Scattered clouds,998.5,1014.4,24.128,0
2024-04-21:07,2024-04-21T03:00:00,3.7,0.1,36,0.0,64,4.13,6.13,266,Scattered clouds,998.0,1013.9,24.128,0
2024-04-21:08,2024-04-21T04:00:00,3.5,-0.1,36,0.0,65,4.26,6.26,263,Scattered clouds,998.0,1013.9,24.128,0
2024-04-21:09,2024-04-21T05:00:00,3.3,-0.4,37,0.0,66,4.4,6.4,260,Scattered clouds,998.0,1013.9,24.128,0
2024-04-21:10,2024-04-21T06:00:00,3.8,-0.1,40,0.0,64,4.93,7.2,260,Broken clouds,998.5,1014.4,24.128,0
2024-04-21:11,2024-04-21T07:00:00,4.3,0.2,44,0.0,62,5.46,8.0,260,Broken clouds,999.0,1014.9,24.128,0
2024-04-21:12,2024-04-21T08:00:00,4.8,0.6,47,0.0,60,6.0,8.8,260,Broken clouds,999.5,1015.3,24.128,0
2024-04-21:13,2024-04-21T09:00:00,5.8,1.8,51,0.0,55,6.4,9.5,263,Broken clouds,999.0,1014.7,21.312,0
2024-04-21:14,2024-04-21T10:00:00,6.8,2.9,54,0.0,51,6.8,10.2,266,Broken clouds,999.0,1014.7,24.128,0
2024-04-21:15,2024-04-21T11:00:00,7.8,7.8,58,0.0,46,7.2,10.9,270,Broken clouds,999.0,1014.6,24.128,0
2024-04-21:16,2024-04-21T12:00:00,8.8,8.8,54,0.0,43,7.46,11.26,273,Broken clouds,999.0,1014.5,24.128,0
2024-04-21:17,2024-04-21T13:00:00,9.8,9.8,50,0.0,41,7.73,11.63,276,Broken clouds,998.0,1013.4,24.128,0
2024-04-21:18,2024-04-21T14:00:00,10.8,10.8,46,0.0,38,8.0,12.0,280,Broken clouds,997.5,1012.9,24.128,0
2024-04-21:19,2024-04-21T15:00:00,11.0,11.0,37,0.0,37,8.0,12.0,283,Scattered clouds,996.5,1011.8,24.128,0
2024-04-21:20,2024-04-21T16:00:00,11.2,11.2,27,0.0,37,8.0,12.0,286,Scattered clouds,996.0,1011.3,24.128,0
2024-04-21:21,2024-04-21T17:00:00,11.3,11.3,18,0.0,36,8.0,12.0,290,Few clouds,995.5,1010.8,24.128,0
2024-04-21:22,2024-04-21T18:00:00,10.3,10.3,16,0.0,39,7.73,11.56,280,Few clouds,995.0,1010.3,24.128,0
2024-04-21:23,2024-04-21T19:00:00,9.3,9.3,14,0.0,42,7.46,11.13,270,Few clouds,995.0,1010.4,24.128,0
2024-04-22:00,2024-04-21T20:00:00,8.2,8.2,12,0.0,45,7.2,10.7,260,Few clouds,995.5,1011.0,24.128,0
2024-04-22:01,2024-04-21T21:00:00,7.7,7.7,11,0.0,47,7.1,10.53,258,Few clouds,996.5,1012.1,24.128,0
2024-04-22:02,2024-04-21T22:00:00,7.1,3.2,10,0.0,49,7.0,10.36,256,Few clouds,996.5,1012.1,24.128,0
2024-04-22:03,2024-04-21T23:00:00,6.6,2.6,10,0.0,52,6.9,10.2,255,Few clouds,996.0,1011.6,24.128,0
2024-04-22:04,2024-04-22T00:00:00,6.0,1.9,9,0.0,54,6.8,10.03,253,Few clouds,996.0,1011.6,24.128,0
2024-04-22:05,2024-04-22T01:00:00,5.5,1.2,8,0.0,56,6.7,9.86,251,Few clouds,996.5,1012.2,24.128,0
2024-04-22:06,2024-04-22T02:00:00,4.9,0.6,7,0.0,58,6.6,9.7,250,Few clouds,996.0,1011.7,24.128,0
2024-04-22:07,2024-04-22T03:00:00,5.0,0.8,7,0.0,58,6.27,9.25,251,Few clouds,996.5,1012.3,24.128,0
2024-04-22:08,2024-04-22T04:00:00,5.2,1.1,6,0.0,59,5.95,8.8,253,Few clouds,997.0,1012.8,24.128,0
2024-04-22:09,2024-04-22T05:00:00,5.3,1.4,6,0.0,60,5.63,8.35,255,Few clouds,997.5,1013.3,24.128,0
2024-04-22:10,2024-04-22T06:00:00,5.4,1.7,6,0.0,60,5.3,7.9,256,Few clouds,997.5,1013.3,24.128,0
2024-04-22:11,2024-04-22T07:00:00,5.5,2.0,5,0.0,60,4.98,7.45,258,Few clouds,998.0,1013.7,24.128,0
2024-04-22:12,2024-04-22T08:00:00,5.6,2.3,5,0.0,61,4.66,7.0,260,Few clouds,999.0,1014.7,24.128,0
2024-04-22:13,2024-04-22T09:00:00,6.9,3.8,6,0.0,56,4.91,7.41,265,Few clouds,1000.0,1015.8,24.128,0
2024-04-22:14,2024-04-22T10:00:00,8.2,8.2,8,0.0,52,5.17,7.83,270,Few clouds,1001.0,1016.8,24.128,0
2024-04-22:15,2024-04-22T11:00:00,9.5,9.5,9,0.0,48,5.43,8.25,275,Few clouds,1001.5,1017.2,24.128,0
2024-04-22:16,2024-04-22T12:00:00,10.8,10.8,10,0.0,43,5.68,8.66,280,Few clouds,1001.5,1017.2,24.128,0
2024-04-22:17,2024-04-22T13:00:00,12.1,12.1,12,0.0,38,5.94,9.08,285,Few clouds,1001.5,1017.2,24.128,0
2024-04-22:18,2024-04-22T14:00:00,13.4,13.4,13,0.0,34,6.2,9.5,290,Few clouds,1001.5,1017.1,24.128,0
2024-04-22:19,2024-04-22T15:00:00,12.8,12.8,13,0.0,36,5.88,9.06,288,Few clouds,1001.5,1017.1,24.128,0
2024-04-22:20,2024-04-22T16:00:00,12.2,12.2,13,0.0,38,5.57,8.63,286,Few clouds,1001.5,1017.1,24.128,0
2024-04-22:21,2024-04-22T17:00:00,11.6,11.6,14,0.0,40,5.26,8.2,285,Few clouds,1001.5,1017.1,24.128,0
2024-04-22:22,2024-04-22T18:00:00,10.9,10.9,14,0.0,41,4.95,7.76,283,Few clouds,1002.0,1017.7,24.128,0
2024-04-22:23,2024-04-22T19:00:00,10.3,10.3,14,0.0,43,4.64,7.33,281,Few clouds,1002.0,1017.7,24.128,0
2024-04-23:00,2024-04-22T20:00:00,9.7,9.7,14,0.0,45,4.33,6.9,280,Few clouds,1002.5,1018.4,24.128,0
2024-04-23:01,2024-04-22T21:00:00,9.1,9.1,18,0.0,47,4.22,6.61,263,Few clouds,1003.0,1019.0,24.128,0
2024-04-23:02,2024-04-22T22:00:00,8.4,8.4,22,0.0,50,4.13,6.33,246,Scattered clouds,1003.0,1019.0,24.128,0
2024-04-23:03,2024-04-22T23:00:00,7.7,7.7,26,0.0,52,4.03,6.05,230,Scattered clouds,1003.0,1019.0,24.128,0
2024-04-23:04,2024-04-23T00:00:00,7.1,4.4,29,0.0,54,3.93,5.76,213,Scattered clouds,1003.0,1019.0,24.128,0
2024-04-23:05,2024-04-23T01:00:00,6.4,3.7,33,0.0,57,3.83,5.48,196,Scattered clouds,1003.0,1019.0,24.128,0
2024-04-23:06,2024-04-23T02:00:00,5.7,2.9,37,0.0,59,3.73,5.2,180,Scattered clouds,1003.0,1019.0,24.128,0
2024-04-23:07,2024-04-23T03:00:00,5.3,3.7,48,0.0,56,2.06,4.8,163,Few clouds,1002.5,1018.5,24.128,0
